source,source_type,target,target_type,relationship
Benvenuto,unknown,crea un collegamento,unknown,references
Home,unknown,PNG_A,unknown,references
Home,unknown,PNG_B,unknown,references
Home,unknown,Geografia,unknown,references
Home,unknown,Regole_di_Casa,unknown,references
Home,unknown,Transformations,unknown,references
Canzone di Nebvarasa,lore,Nebvarasa,unknown,references
Meteore,artifact,Dimensione dello Spirito,lore,references
Meteore,artifact,karevi,unknown,references
Meteore,artifact,Ali del Radioso Martirio,artifact,references
Meteore,artifact,Infallibile Cristallo del Fato,artifact,references
Meteore,artifact,Amuleto dell'investigatore,unknown,references
Meteore,artifact,La Senza Peso,artifact,references
Meteore,artifact,Anelli degli Elementi,artifact,references
Meteore,artifact,Kanptazu,artifact,references
Meteore,artifact,Balestre della Vita e della Morte,artifact,references
Meteore,artifact,K'idusi Seyifi Mak'at'eli,artifact,references
Meteore,artifact,Bastone della Misericordia,artifact,references
Meteore,artifact,Lacrime Celesti,artifact,references
Meteore,artifact,Bestia Sacra Eneli,artifact,references
Meteore,artifact,Lama del Sacro Ordine,artifact,references
Meteore,artifact,Binocolo della Preveggenza,artifact,references
Meteore,artifact,Lancia Angelica,artifact,references
Meteore,artifact,Bracciale delle Molte Forme,artifact,references
Meteore,artifact,Lanterna del Becchino,artifact,references
Meteore,artifact,Bracciale dell'Oltredove,artifact,references
Meteore,artifact,Lenti dell'Archivista,artifact,references
Meteore,artifact,Bracciale Sulfureo,artifact,references
Meteore,artifact,Malia dell'Infido Gatto,artifact,references
Meteore,artifact,Chevya' La Bestia,artifact,references
Meteore,artifact,Mano di Krea,artifact,references
Meteore,artifact,Collana del Distruttore,artifact,references
Meteore,artifact,Mantello dei Venti,artifact,references
Meteore,artifact,Collana del Mutaforma,artifact,references
Meteore,artifact,Mantello dell'inconsistenza,unknown,references
Meteore,artifact,Cormaglio,artifact,references
Meteore,artifact,Matna e la Scatola,artifact,references
Meteore,artifact,Cuore Divino,artifact,references
Meteore,artifact,Nindja,artifact,references
Meteore,artifact,Demone X,artifact,references
Meteore,artifact,Occhio del Demone,artifact,references
Meteore,artifact,Domatore di Bestie,artifact,references
Meteore,artifact,Oppressione Demoniaca,artifact,references
Meteore,artifact,Dozhdboli il Nero Flagello,artifact,references
Meteore,artifact,Orecchini della Selva,artifact,references
Meteore,artifact,Dustsceawung,artifact,references
Meteore,artifact,Osservatore Celeste,artifact,references
Meteore,artifact,Egida del Rogo,artifact,references
Meteore,artifact,Psy Bot,artifact,references
Meteore,artifact,Elmo del Fante Demoniaco,artifact,references
Meteore,artifact,Prima Lucis Advehens,artifact,references
Meteore,artifact,Elmo di Gwynplaine,artifact,references
Meteore,artifact,Putto,artifact,references
Meteore,artifact,Fante Demoniaco,artifact,references
Meteore,artifact,Sfida Celeste,artifact,references
Meteore,artifact,Foglia di Iliar,artifact,references
Meteore,artifact,Teschio del Traditore,artifact,references
Meteore,artifact,Frullatore (danneggiato),artifact,references
Meteore,artifact,Tibia di Jonuun,artifact,references
Meteore,artifact,Frusta Fiammeggiante,artifact,references
Meteore,artifact,Tridente del Mare Eterno,artifact,references
Meteore,artifact,Gemma del Mana Perpetuo,artifact,references
Meteore,artifact,Yolandi,artifact,references
Mondo di Neir,lore,Neir,location,references
Mondo di Neir,lore,Neir,location,references
Mondo di Neir,lore,Larass'hra,location,references
Mondo di Neir,lore,Neir,location,references
Mondo di Neir,lore,Neir,location,references
Mondo di Neir,lore,Nebvarasa,unknown,references
Mondo di Neir,lore,Neir,location,references
Mondo di Neir,lore,Hadaknaton,unknown,references
Mondo di Neir,lore,wiloi,unknown,references
Mondo di Neir,lore,Neir,location,references
Mondo di Neir,lore,Nebvarasa,unknown,references
Mondo di Neir,lore,Hadaknaton,unknown,references
Mondo di Neir,lore,Nebvarasa,unknown,references
Mondo di Neir,lore,Hadaknaton,unknown,references
Mondo di Neir,lore,Loy'ach,unknown,references
Mondo di Neir,lore,Najestarr,npc,references
Mondo di Neir,lore,Neir,location,references
Mondo di Neir,lore,Rengaria,location,references
Mondo di Neir,lore,Distese Nuvolose di Aej'Nagrizzt,location,references
Mondo di Neir,lore,Tenebris,deity_or_faction,references
Mondo di Neir,lore,Neir,location,references
Adraoos,deity_or_faction,adraoos_simbolo_pic.jpeg,unknown,references
Bakraag,deity_or_faction,_page_15_Picture_16.jpeg,unknown,references
Demien,deity_or_faction,Pasted image 20260710131707.png,unknown,references
Divinità,deity_or_faction,Laon,deity_or_faction,references
Divinità,deity_or_faction,Lanie,deity_or_faction,references
Divinità,deity_or_faction,Garod,deity_or_faction,references
Divinità,deity_or_faction,Neir,location,references
Divinità,deity_or_faction,Rengaria,location,references
Divinità,deity_or_faction,Rengaria,location,references
Divinità,deity_or_faction,Rengaria,location,references
Divinità,deity_or_faction,Rengaria,location,references
Divinità,deity_or_faction,Neir,location,references
Divinità,deity_or_faction,Adraoos,deity_or_faction,references
Divinità,deity_or_faction,Bakraag,deity_or_faction,references
Divinità,deity_or_faction,Demien,deity_or_faction,references
Divinità,deity_or_faction,Doomkhan,deity_or_faction,references
Divinità,deity_or_faction,Fadranstaff,deity_or_faction,references
Divinità,deity_or_faction,Garod,deity_or_faction,references
Divinità,deity_or_faction,Glumdrung,deity_or_faction,references
Divinità,deity_or_faction,Halthea,deity_or_faction,references
Divinità,deity_or_faction,Iliar,deity_or_faction,references
Divinità,deity_or_faction,Krea,deity_or_faction,references
Divinità,deity_or_faction,Lanie,deity_or_faction,references
Divinità,deity_or_faction,Nelen Deseziath,npc,references
Divinità,deity_or_faction,Laon,deity_or_faction,references
Divinità,deity_or_faction,Lurtan,deity_or_faction,references
Divinità,deity_or_faction,Maskarr,deity_or_faction,references
Divinità,deity_or_faction,Nuzagaal,deity_or_faction,references
Divinità,deity_or_faction,Tenebris,deity_or_faction,references
Divinità,deity_or_faction,Unthamarand,deity_or_faction,references
Doomkhan,deity_or_faction,Pasted image 20260710131752.png,unknown,references
Fadranstaff,deity_or_faction,Pasted image 20260710131838.png,unknown,references
Garod,deity_or_faction,Pasted image 20260710131909.png,unknown,references
Glumdrung,deity_or_faction,Pasted image 20260710131952.png,unknown,references
Halthea,deity_or_faction,Pasted image 20260710132254.png,unknown,references
Iliar,deity_or_faction,Pasted image 20260710132353.png,unknown,references
Krea,deity_or_faction,Pasted image 20260710132429.png,unknown,references
Lanie,deity_or_faction,Pasted image 20260710132446.png,unknown,references
Lanie,deity_or_faction,Nelen Deseziath,npc,references
Lanie,deity_or_faction,Nelen Deseziath,npc,references
Lanie,deity_or_faction,Neir,location,references
Lanie,deity_or_faction,Nelen Deseziath,npc,references
Laon,deity_or_faction,Pasted image 20260710132750.png,unknown,references
Lurtan,deity_or_faction,Pasted image 20260710132843.png,unknown,references
Maskarr,deity_or_faction,Pasted image 20260710132905.png,unknown,references
Nuzagaal,deity_or_faction,Pasted image 20260710132933.png,unknown,references
Tenebris,deity_or_faction,Pasted image 20260710132953.png,unknown,references
Unthamarand,deity_or_faction,Pasted image 20260710133019.png,unknown,references
Cenere di Lanie,location,cenere_di_lanie_pic.png,unknown,references
Cenere di Lanie,location,Urakian,ancestry,references
Cenere di Lanie,location,Urakian,ancestry,references
Cenere di Lanie,location,Urakian,ancestry,references
Cenere di Lanie,location,Urakian,ancestry,references
Cenere di Lanie,location,urakian,unknown,references
Cenere di Lanie,location,urakian,unknown,references
Cenere di Lanie,location,Cratere di Lava,location,references
Cenere di Lanie,location,Distese Nuvolose di Aej'Nagrizzt,location,references
Cenere di Lanie,location,Placido Specchio di Ghyd,location,references
Dominio delle Trame,location,dominio_delle_trame_pic.png,unknown,references
Dominio delle Trame,location,Namass'rya,npc,references
Dominio delle Trame,location,Namass'rya,npc,references
Dominio delle Trame,location,Namass'rya,npc,references
Dominio delle Trame,location,Namass'rya,npc,references
Dominio delle Trame,location,Namass'rya,npc,references
Dominio delle Trame,location,Namass'rya,npc,references
Dominio delle Trame,location,Namass'rya,npc,references
Dominio delle Trame,location,Namass'rya,npc,references
Dominio delle Trame,location,Namass'rya,npc,references
Dominio delle Trame,location,Namass'rya,npc,references
Dominio delle Trame,location,Namass'rya,npc,references
Dominio delle Trame,location,Namass'rya,npc,references
Dominio delle Trame,location,Namass'rya,npc,references
Dominio delle Trame,location,Città delle Trame,location,references
Dominio delle Trame,location,Namass'rya,npc,references
Dominio delle Trame,location,Matrona di Sangue,unknown,references
Ducato di Öuin,location,ducato_di_ouin_pic.png,unknown,references
Ducato di Öuin,location,Laon,deity_or_faction,references
Ducato di Öuin,location,Öuin,location,references
Ducato di Öuin,location,Dominio delle Trame,location,references
Ducato di Öuin,location,Laon,deity_or_faction,references
Ducato di Öuin,location,Öuin,location,references
Ducato di Öuin,location,Öuin,location,references
Ducato di Öuin,location,Agan,npc,references
Ducato di Öuin,location,Öuin,location,references
Ducato di Öuin,location,Mendulia's Rock,location,references
Ducato di Öuin,location,Öuin,location,references
Ducato di Öuin,location,Öuin,location,references
Ducato di Öuin,location,Öuin,location,references
Ducato di Öuin,location,Laon,deity_or_faction,references
Ducato di Öuin,location,Lewyn,npc,references
Ducato di Öuin,location,Öuin,location,references
Ducato di Öuin,location,Öuin,location,references
Ducato di Öuin,location,Öuin,location,references
Ducato di Öuin,location,Neir,location,references
Ducato di Öuin,location,Öuin,location,references
Ducato di Öuin,location,Laon,deity_or_faction,references
Ducato di Öuin,location,Neir,location,references
Ducato di Öuin,location,Öuin,location,references
Ducato di Öuin,location,Öuin,location,references
Ducato di Öuin,location,Öuin,location,references
Ducato di Öuin,location,Neir,location,references
Ducato di Öuin,location,Neir,location,references
Ducato di Öuin,location,Öuin,location,references
Ducato di Öuin,location,Elfi di Dor,ancestry,references
Ducato di Öuin,location,Öuin,location,references
Ducato di Öuin,location,Öuin,location,references
Ducato di Öuin,location,Öuin,location,references
Ducato di Öuin,location,Öuin,location,references
Ducato di Öuin,location,Laon,deity_or_faction,references
Ducato di Öuin,location,Halthea,deity_or_faction,references
Ducato di Öuin,location,Fadranstaff,deity_or_faction,references
Ducato di Öuin,location,Öuin,location,references
Ducato di Öuin,location,Landa di Edeber,location,references
Ducato di Öuin,location,Lewyn,npc,references
Ducato di Öuin,location,Öuin,location,references
Favoleggiate Rovine di Gundazar,location,giganti,unknown,references
Favoleggiate Rovine di Gundazar,location,giganti,unknown,references
Favoleggiate Rovine di Gundazar,location,giganti,unknown,references
Favoleggiate Rovine di Gundazar,location,giganti,unknown,references
Favoleggiate Rovine di Gundazar,location,giganti,unknown,references
Favoleggiate Rovine di Gundazar,location,orchi,unknown,references
Favoleggiate Rovine di Gundazar,location,orchi,unknown,references
Favoleggiate Rovine di Gundazar,location,Gundazar,location,references
Favoleggiate Rovine di Gundazar,location,Gundazar,location,references
Favoleggiate Rovine di Gundazar,location,Gundazar,location,references
Favoleggiate Rovine di Gundazar,location,Gundazar,location,references
Favoleggiate Rovine di Gundazar,location,Valli dei Giganti,location,references
Favoleggiate Rovine di Gundazar,location,giganti,unknown,references
Favoleggiate Rovine di Gundazar,location,Gundazar,location,references
Favoleggiate Rovine di Gundazar,location,Gundazar,location,references
Favoleggiate Rovine di Gundazar,location,wiloi,unknown,references
Favoleggiate Rovine di Gundazar,location,Gundazar,location,references
Favoleggiate Rovine di Gundazar,location,Gundazar,location,references
Favoleggiate Rovine di Gundazar,location,Gundazar,location,references
Favoleggiate Rovine di Gundazar,location,Gundazar,location,references
Favoleggiate Rovine di Gundazar,location,Gundazar,location,references
Favoleggiate Rovine di Gundazar,location,Gundazar,location,references
Favoleggiate Rovine di Gundazar,location,Gundazar,location,references
Favoleggiate Rovine di Gundazar,location,Gundazar,location,references
Favoleggiate Rovine di Gundazar,location,Gundazar,location,references
Favoleggiate Rovine di Gundazar,location,Gundazar,location,references
Favoleggiate Rovine di Gundazar,location,Gundazar,location,references
Favoleggiate Rovine di Gundazar,location,wiloi,unknown,references
Favoleggiate Rovine di Gundazar,location,Najestarr,npc,references
Favoleggiate Rovine di Gundazar,location,Hadaknaton,unknown,references
Favoleggiate Rovine di Gundazar,location,Loy'ach,unknown,references
Favoleggiate Rovine di Gundazar,location,Gundazar,location,references
Favoleggiate Rovine di Gundazar,location,wiloi,unknown,references
Favoleggiate Rovine di Gundazar,location,wiloi,unknown,references
Favoleggiate Rovine di Gundazar,location,Gundazar,location,references
Favoleggiate Rovine di Gundazar,location,Tenebris,deity_or_faction,references
Favoleggiate Rovine di Gundazar,location,Gundazar,location,references
Favoleggiate Rovine di Gundazar,location,Gundazar,location,references
Favoleggiate Rovine di Gundazar,location,wiloi,unknown,references
Favoleggiate Rovine di Gundazar,location,Mendulia's Rock,location,references
Favoleggiate Rovine di Gundazar,location,Mendulia's Rock,location,references
Favoleggiate Rovine di Gundazar,location,Gundazar,location,references
Favoleggiate Rovine di Gundazar,location,Gundazar,location,references
Favoleggiate Rovine di Gundazar,location,Valli dei Giganti,location,references
Favoleggiate Rovine di Gundazar,location,Gundazar,location,references
Favoleggiate Rovine di Gundazar,location,Gundazar,location,references
Favoleggiate Rovine di Gundazar,location,Gundazar,location,references
Favoleggiate Rovine di Gundazar,location,Gundazar,location,references
Favoleggiate Rovine di Gundazar,location,Gundazar,location,references
Favoleggiate Rovine di Gundazar,location,Gundazar,location,references
Favoleggiate Rovine di Gundazar,location,Neir,location,references
Favoleggiate Rovine di Gundazar,location,Gundazar,location,references
Favoleggiate Rovine di Gundazar,location,wiloi,unknown,references
Favoleggiate Rovine di Gundazar,location,Gundazar,location,references
Favoleggiate Rovine di Gundazar,location,Gundazar,location,references
Favoleggiate Rovine di Gundazar,location,Gundazar,location,references
Favoleggiate Rovine di Gundazar,location,Gundazar,location,references
Favoleggiate Rovine di Gundazar,location,Gundazar,location,references
Favoleggiate Rovine di Gundazar,location,Gundazar,location,references
Favoleggiate Rovine di Gundazar,location,Gundazar,location,references
Favoleggiate Rovine di Gundazar,location,wiloi,unknown,references
Favoleggiate Rovine di Gundazar,location,Gundazar,location,references
Favoleggiate Rovine di Gundazar,location,Neir,location,references
Favoleggiate Rovine di Gundazar,location,Tenebris,deity_or_faction,references
Favoleggiate Rovine di Gundazar,location,elfi,unknown,references
Favoleggiate Rovine di Gundazar,location,wiloi,unknown,references
Favoleggiate Rovine di Gundazar,location,Mendulia's Rock,location,references
Favoleggiate Rovine di Gundazar,location,Mendulia's Rock,location,references
Favoleggiate Rovine di Gundazar,location,Oasi di Zey,location,references
Favoleggiate Rovine di Gundazar,location,Gundazar,location,references
Favoleggiate Rovine di Gundazar,location,Valli dei Giganti,location,references
Favoleggiate Rovine di Gundazar,location,Gundazar,location,references
Favoleggiate Rovine di Gundazar,location,Gundazar,location,references
Favoleggiate Rovine di Gundazar,location,Gundazar,location,references
Favoleggiate Rovine di Gundazar,location,Gundazar,location,references
Favoleggiate Rovine di Gundazar,location,Gundazar,location,references
Favoleggiate Rovine di Gundazar,location,Neir,location,references
Favoleggiate Rovine di Gundazar,location,Gundazar,location,references
Favoleggiate Rovine di Gundazar,location,Gundazar,location,references
Favoleggiate Rovine di Gundazar,location,Valle Nuvolosa,location,references
Impero delle Terre Nascoste,location,karevi,unknown,references
Impero delle Terre Nascoste,location,wiloi,unknown,references
Impero delle Terre Nascoste,location,karevi,unknown,references
Impero delle Terre Nascoste,location,Neir,location,references
Impero delle Terre Nascoste,location,karevi,unknown,references
Impero delle Terre Nascoste,location,Garod,deity_or_faction,references
Impero delle Terre Nascoste,location,karevi,unknown,references
Impero delle Terre Nascoste,location,klorss,unknown,references
Impero delle Terre Nascoste,location,karevi,unknown,references
Impero delle Terre Nascoste,location,klorss,unknown,references
Impero delle Terre Nascoste,location,klorss,unknown,references
Impero delle Terre Nascoste,location,karevi,unknown,references
Impero delle Terre Nascoste,location,karevi,unknown,references
Impero delle Terre Nascoste,location,Garod,deity_or_faction,references
Impero delle Terre Nascoste,location,karevi,unknown,references
Impero delle Terre Nascoste,location,karevi,unknown,references
Impero delle Terre Nascoste,location,Garod,deity_or_faction,references
Impero delle Terre Nascoste,location,karevi,unknown,references
Impero delle Terre Nascoste,location,Garod,deity_or_faction,references
Impero delle Terre Nascoste,location,Garod,deity_or_faction,references
Impero delle Terre Nascoste,location,Garod,deity_or_faction,references
Impero delle Terre Nascoste,location,karevi,unknown,references
Impero delle Terre Nascoste,location,karevi,unknown,references
Impero delle Terre Nascoste,location,Gundazar,location,references
Impero delle Terre Nascoste,location,Cenere di Lanie,location,references
Impero delle Terre Nascoste,location,Mendulia's Rock,location,references
Impero delle Terre Nascoste,location,Neir,location,references
Impero delle Terre Nascoste,location,karevi,unknown,references
Impero delle Terre Nascoste,location,karevi,unknown,references
Impero delle Terre Nascoste,location,karevi,unknown,references
Impero delle Terre Nascoste,location,karevi,unknown,references
Impero delle Terre Nascoste,location,karevi,unknown,references
Impero delle Terre Nascoste,location,karevi,unknown,references
Impero delle Terre Nascoste,location,Provincia di Petralta,location,references
Impero delle Terre Nascoste,location,Gundazar,location,references
Impero delle Terre Nascoste,location,karevi,unknown,references
Impero delle Terre Nascoste,location,Garod,deity_or_faction,references
Impero delle Terre Nascoste,location,karevi,unknown,references
Impero delle Terre Nascoste,location,An'Rao IV,npc,references
Impero delle Terre Nascoste,location,karevi,unknown,references
Impero delle Terre Nascoste,location,Neir,location,references
Impero delle Terre Nascoste,location,karevi,unknown,references
Impero delle Terre Nascoste,location,karevi,unknown,references
Impero delle Terre Nascoste,location,klorss,unknown,references
Impero delle Terre Nascoste,location,Garod,deity_or_faction,references
Impero delle Terre Nascoste,location,Neir,location,references
Impero delle Terre Nascoste,location,Neir,location,references
Impero delle Terre Nascoste,location,Gundazar,location,references
Impero delle Terre Nascoste,location,karevi,unknown,references
Impero delle Terre Nascoste,location,karevi,unknown,references
Impero delle Terre Nascoste,location,karevi,unknown,references
Impero delle Terre Nascoste,location,karevi,unknown,references
Impero delle Terre Nascoste,location,karevi,unknown,references
Impero delle Terre Nascoste,location,karevi,unknown,references
Impero delle Terre Nascoste,location,karevi,unknown,references
Impero delle Terre Nascoste,location,Terra,unknown,references
Impero delle Terre Nascoste,location,karevi,unknown,references
Impero delle Terre Nascoste,location,karevi,unknown,references
Impero delle Terre Nascoste,location,karevi,unknown,references
Impero delle Terre Nascoste,location,karevi,unknown,references
Impero delle Terre Nascoste,location,Garod,deity_or_faction,references
Impero delle Terre Nascoste,location,karevi,unknown,references
Impero delle Terre Nascoste,location,Neir,location,references
Impero delle Terre Nascoste,location,karevi,unknown,references
Impero delle Terre Nascoste,location,Garod,deity_or_faction,references
Impero delle Terre Nascoste,location,Garod,deity_or_faction,references
Impero delle Terre Nascoste,location,karevi,unknown,references
Impero delle Terre Nascoste,location,karevi,unknown,references
Impero delle Terre Nascoste,location,karevi,unknown,references
Impero delle Terre Nascoste,location,karevi,unknown,references
Impero delle Terre Nascoste,location,karevi,unknown,references
Impero delle Terre Nascoste,location,karevi,unknown,references
Impero delle Terre Nascoste,location,karevi,unknown,references
Impero delle Terre Nascoste,location,karevi,unknown,references
Impero delle Terre Nascoste,location,karevi,unknown,references
Impero delle Terre Nascoste,location,karevi,unknown,references
Impero delle Terre Nascoste,location,karevi,unknown,references
Impero delle Terre Nascoste,location,karevi,unknown,references
Impero delle Terre Nascoste,location,Garod,deity_or_faction,references
Impero delle Terre Nascoste,location,Kkyrlamny,location,references
Impero delle Terre Nascoste,location,Provincia di Petralta,location,references
Impero delle Terre Nascoste,location,Petralta,location,references
Impero delle Terre Nascoste,location,Fato di Lyonel,location,references
Impero delle Terre Nascoste,location,Giungla di Erth,location,references
Impero delle Terre Nascoste,location,Ynxazvann,location,references
Impero delle Terre Nascoste,location,klorss,unknown,references
Impero delle Terre Nascoste,location,Hzaad'à,location,references
Impero delle Terre Nascoste,location,Provincia di Petralta,location,references
Impero delle Terre Nascoste,location,wiloi,unknown,references
Impero delle Terre Nascoste,location,Manor,location,references
Impero delle Terre Nascoste,location,Petralta,location,references
Impero delle Terre Nascoste,location,I Bianchi Sepolcri,location,references
Larass'hra,location,Nebvarasa,unknown,references
Larass'hra,location,Neir,location,references
Larass'hra,location,Mazak'hra,unknown,references
Larass'hra,location,Elfi,ancestry,references
Larass'hra,location,elfi,unknown,references
Larass'hra,location,nani,unknown,references
Larass'hra,location,umani,unknown,references
Larass'hra,location,Pianure di Xanesh,location,references
Larass'hra,location,Leresalazsnn'hra,unknown,references
Larass'hra,location,Occhio del Drago,unknown,references
Larass'hra,location,Larass'hra,location,references
Larass'hra,location,Neir,location,references
Larass'hra,location,Neir,location,references
Larass'hra,location,Daragoss,location,references
Larass'hra,location,elfi,unknown,references
Larass'hra,location,wiloi,unknown,references
Larass'hra,location,Mazak'hra,unknown,references
Larass'hra,location,wiloi,unknown,references
Larass'hra,location,Vetta delle Anime,location,references
Larass'hra,location,wiloi,unknown,references
Larass'hra,location,Nebvarasa,unknown,references
Larass'hra,location,Vetta delle Anime,location,references
Larass'hra,location,Regione Mistica,location,references
Larass'hra,location,Città di Nü,location,references
Larass'hra,location,Neir,location,references
Larass'hra,location,Mazak'hra,unknown,references
Larass'hra,location,Mazak'hra,unknown,references
Larass'hra,location,elfi,unknown,references
Larass'hra,location,nani,unknown,references
Larass'hra,location,umani,unknown,references
Larass'hra,location,Larass'hra,location,references
Larass'hra,location,Leresalazsnn'hra,unknown,references
Larass'hra,location,Daragoss,location,references
Larass'hra,location,Neir,location,references
Larass'hra,location,wiloi,unknown,references
Larass'hra,location,Leresalazsnn'hra,unknown,references
Larass'hra,location,Neir,location,references
Larass'hra,location,Neir,location,references
Larass'hra,location,Leresalazsnn'hra,unknown,references
Larass'hra,location,Neir,location,references
Larass'hra,location,Leresalazsnn'hra,unknown,references
Larass'hra,location,Baia d'Argento di Onor,location,references
Larass'hra,location,Bosco di Alysara,location,references
Larass'hra,location,Bosco di Llira,location,references
Larass'hra,location,Bosco di Melis,location,references
Larass'hra,location,Cimitero dei Draghi,location,references
Larass'hra,location,Desolazione Occidentale,location,references
Larass'hra,location,Regione Mistica,location,references
Larass'hra,location,Golfo della Zanna Blu,location,references
Larass'hra,location,Isole Gemelle,location,references
Larass'hra,location,Lago di Udz,location,references
Larass'hra,location,Mare della Progenie dell'Esiliato,location,references
Larass'hra,location,Montagna dell'Occhio del Drago,location,references
Larass'hra,location,Picchi del Wyrm,location,references
Larass'hra,location,Progenie del Vulcano,location,references
Larass'hra,location,Terra di Ambra,location,references
Larass'hra,location,Vetta delle Anime,location,references
Larass'hra,location,Terra di Ambra,location,references
Larass'hra,location,Neir,location,references
Larass'hra,location,Neir,location,references
Larass'hra,location,Larass'hra,location,references
Larass'hra,location,Canzone di Nebvarasa,lore,references
Larass'hra,location,Neir,location,references
Larass'hra,location,Cimitero dei Draghi,location,references
Larass'hra,location,Larass'hra,location,references
Magocrazia di Nü,location,wiloi,unknown,references
Magocrazia di Nü,location,wiloi,unknown,references
Magocrazia di Nü,location,wiloi,unknown,references
Magocrazia di Nü,location,Neir,location,references
Magocrazia di Nü,location,Yolam'hra,unknown,references
Magocrazia di Nü,location,wiloi,unknown,references
Magocrazia di Nü,location,Yolam'hra,unknown,references
Magocrazia di Nü,location,Yolam'hra,unknown,references
Magocrazia di Nü,location,wiloi,unknown,references
Magocrazia di Nü,location,wiloi,unknown,references
Magocrazia di Nü,location,Yolam'hra,unknown,references
Magocrazia di Nü,location,wiloi,unknown,references
Magocrazia di Nü,location,wiloi,unknown,references
Magocrazia di Nü,location,wiloi,unknown,references
Magocrazia di Nü,location,wiloi,unknown,references
Magocrazia di Nü,location,wiloi,unknown,references
Magocrazia di Nü,location,Yolam'hra,unknown,references
Magocrazia di Nü,location,Nebvarasa,unknown,references
Magocrazia di Nü,location,Yolam'hra,unknown,references
Magocrazia di Nü,location,wiloi,unknown,references
Magocrazia di Nü,location,Yolam'hra,unknown,references
Magocrazia di Nü,location,Neir,location,references
Magocrazia di Nü,location,wiloi,unknown,references
Magocrazia di Nü,location,wiloi,unknown,references
Magocrazia di Nü,location,Neir,location,references
Magocrazia di Nü,location,Yolam'hra,unknown,references
Magocrazia di Nü,location,Neir,location,references
Magocrazia di Nü,location,wiloi,unknown,references
Magocrazia di Nü,location,wiloi,unknown,references
Magocrazia di Nü,location,Yolam'hra,unknown,references
Magocrazia di Nü,location,Neir,location,references
Magocrazia di Nü,location,wiloi,unknown,references
Magocrazia di Nü,location,Neir,location,references
Magocrazia di Nü,location,wiloi,unknown,references
Magocrazia di Nü,location,Abisso Oscuro,location,references
Magocrazia di Nü,location,wiloi,unknown,references
Magocrazia di Nü,location,wiloi,unknown,references
Magocrazia di Nü,location,wiloi,unknown,references
Magocrazia di Nü,location,Neir,location,references
Magocrazia di Nü,location,wiloi,unknown,references
Magocrazia di Nü,location,Neir,location,references
Magocrazia di Nü,location,wiloi,unknown,references
Magocrazia di Nü,location,wiloi,unknown,references
Magocrazia di Nü,location,Neir,location,references
Magocrazia di Nü,location,Najestarr,npc,references
Magocrazia di Nü,location,Najestarr,npc,references
Magocrazia di Nü,location,Najestarr,npc,references
Magocrazia di Nü,location,Neir,location,references
Magocrazia di Nü,location,Hadaknaton,unknown,references
Magocrazia di Nü,location,loy'ach,unknown,references
Magocrazia di Nü,location,loy'ach,unknown,references
Magocrazia di Nü,location,Abisso Oscuro,location,references
Magocrazia di Nü,location,loy'ach,unknown,references
Magocrazia di Nü,location,wiloi,unknown,references
Magocrazia di Nü,location,Najestarr,npc,references
Magocrazia di Nü,location,Najestarr,npc,references
Magocrazia di Nü,location,wiloi,unknown,references
Magocrazia di Nü,location,Neir,location,references
Magocrazia di Nü,location,Città di Nü,location,references
Magocrazia di Nü,location,wiloi,unknown,references
Magocrazia di Nü,location,Najestarr,npc,references
Magocrazia di Nü,location,wiloi,unknown,references
Magocrazia di Nü,location,Neir,location,references
Magocrazia di Nü,location,Najestarr,npc,references
Magocrazia di Nü,location,Najestarr,npc,references
Magocrazia di Nü,location,loy'ach,unknown,references
Magocrazia di Nü,location,Neir,location,references
Magocrazia di Nü,location,loy'ach,unknown,references
Magocrazia di Nü,location,Najestarr,npc,references
Magocrazia di Nü,location,wiloi,unknown,references
Magocrazia di Nü,location,wiloi,unknown,references
Magocrazia di Nü,location,wiloi,unknown,references
Magocrazia di Nü,location,Magocrazia di Nü,location,references
Magocrazia di Nü,location,Città di Nü,location,references
Magocrazia di Nü,location,Azkabel,location,references
Magocrazia di Nü,location,Daragoss,location,references
Magocrazia di Nü,location,Daragoss,location,references
Magocrazia di Nü,location,Nü,unknown,references
Magocrazia di Nü,location,Magocrazia di Nü,location,references
Magocrazia di Nü,location,Gundazar,location,references
Magocrazia di Nü,location,Daragoss,location,references
Magocrazia di Nü,location,Azkabel,location,references
Magocrazia di Nü,location,Gundazar,location,references
Magocrazia di Nü,location,wiloi,unknown,references
Magocrazia di Nü,location,Lanie,deity_or_faction,references
Magocrazia di Nü,location,wiloi,unknown,references
Magocrazia di Nü,location,Lanie,deity_or_faction,references
Magocrazia di Nü,location,Gundazar,location,references
Magocrazia di Nü,location,Lanie,deity_or_faction,references
Magocrazia di Nü,location,Cenere di Lanie,location,references
Magocrazia di Nü,location,Nelen Deseziath,npc,references
Magocrazia di Nü,location,wiloi,unknown,references
Magocrazia di Nü,location,Lanie,deity_or_faction,references
Magocrazia di Nü,location,Città di Nü,location,references
Magocrazia di Nü,location,Azkabel,location,references
Magocrazia di Nü,location,Daragoss,location,references
Magocrazia di Nü,location,wiloi,unknown,references
Magocrazia di Nü,location,wiloi,unknown,references
Magocrazia di Nü,location,wiloi,unknown,references
Magocrazia di Nü,location,Yolam'hra,unknown,references
Magocrazia di Nü,location,wiloi,unknown,references
Magocrazia di Nü,location,Neir,location,references
Magocrazia di Nü,location,wiloi,unknown,references
Magocrazia di Nü,location,wiloi,unknown,references
Magocrazia di Nü,location,wiloi,unknown,references
Magocrazia di Nü,location,Lanie,deity_or_faction,references
Magocrazia di Nü,location,Lanie,deity_or_faction,references
Magocrazia di Nü,location,Doomkhan,deity_or_faction,references
Magocrazia di Nü,location,Glumdrung,deity_or_faction,references
Magocrazia di Nü,location,Città di Nü,location,references
Magocrazia di Nü,location,Azkabel,location,references
Magocrazia di Nü,location,Daragoss,location,references
Magocrazia di Nü,location,Azkabel,location,references
Magocrazia di Nü,location,Città di Nü,location,references
Neir,location,neir_map.jpg,unknown,references
Oasi di Zey,location,wiloi,unknown,references
Oasi di Zey,location,karevi,unknown,references
Oasi di Zey,location,elfi,unknown,references
Oasi di Zey,location,nani,unknown,references
Oasi di Zey,location,umani,unknown,references
Oasi di Zey,location,halfling,unknown,references
Oasi di Zey,location,gnomi,unknown,references
Oasi di Zey,location,gnomi,unknown,references
Oasi di Zey,location,gnomi,unknown,references
Oasi di Zey,location,gnomi,unknown,references
Oasi di Zey,location,gnomi,unknown,references
Oasi di Zey,location,gnomi,unknown,references
Oasi di Zey,location,Neir,location,references
Oasi di Zey,location,gnomi,unknown,references
Oasi di Zey,location,gnomi,unknown,references
Oasi di Zey,location,Pianure di Xanesh,location,references
Oasi di Zey,location,gnomi,unknown,references
Oasi di Zey,location,Tenebris,deity_or_faction,references
Oasi di Zey,location,Pianure di Xanesh,location,references
Oasi di Zey,location,Gundazar,location,references
Oasi di Zey,location,Gundazar,location,references
Oasi di Zey,location,Gundazar,location,references
Oasi di Zey,location,urakian,unknown,references
Oasi di Zey,location,karevi,unknown,references
Oasi di Zey,location,gnomi,unknown,references
Oasi di Zey,location,Pianure di Xanesh,location,references
Oasi di Zey,location,Gundazar,location,references
Oasi di Zey,location,Gundazar,location,references
Oasi di Zey,location,Gundazar,location,references
Oasi di Zey,location,Lanie,deity_or_faction,references
Oasi di Zey,location,urakian,unknown,references
Oasi di Zey,location,gnomi,unknown,references
Oasi di Zey,location,Karevi,ancestry,references
Oasi di Zey,location,Dominio delle Trame,location,references
Oasi di Zey,location,Pianure di Xanesh,location,references
Oasi di Zey,location,Öuin,location,references
Oasi di Zey,location,Mendulia's Rock,location,references
Oasi di Zey,location,Gundazar,location,references
Oasi di Zey,location,giorni,unknown,references
Oasi di Zey,location,Tenebris,deity_or_faction,references
Oasi di Zey,location,Doomkhan,deity_or_faction,references
Oasi di Zey,location,Neir,location,references
Oasi di Zey,location,Cenere di Lanie,location,references
Oasi di Zey,location,Pianure di Xanesh,location,references
Oasi di Zey,location,Neir,location,references
Oasi di Zey,location,Pianure di Xanesh,location,references
Oasi di Zey,location,Piramide del Dio Dimenticato,location,references
Oasi di Zey,location,Scuola degli Specchi,location,references
Oasi di Zey,location,La Taverna Sommersa,location,references
Oasi di Zey,location,Giardino degli Dei,location,references
Oasi di Zey,location,Le Mura Invalicabili,location,references
Oasi di Zey,location,Fadranstaff,deity_or_faction,references
Oasi di Zey,location,Rakilia,npc,references
Pianure di Xanesh,location,Adraoos,deity_or_faction,references
Pianure di Xanesh,location,Adraoos,deity_or_faction,references
Pianure di Xanesh,location,Gundazar,location,references
Pianure di Xanesh,location,Valle Nuvolosa,location,references
Pianure di Xanesh,location,Mubunash,location,references
Pianure di Xanesh,location,Gundazar,location,references
Pianure di Xanesh,location,Gundazar,location,references
Pianure di Xanesh,location,Mubunash,location,references
Pianure di Xanesh,location,Tenebris,deity_or_faction,references
Pianure di Xanesh,location,Tenebris,deity_or_faction,references
Pianure di Xanesh,location,Tenebris,deity_or_faction,references
Pianure di Xanesh,location,Neir,location,references
Pianure di Xanesh,location,Tenebris,deity_or_faction,references
Pianure di Xanesh,location,Magocrazia di Nü,location,references
Pianure di Xanesh,location,Gundazar,location,references
Pianure di Xanesh,location,Tenebris,deity_or_faction,references
Pianure di Xanesh,location,Tenebris,deity_or_faction,references
Pianure di Xanesh,location,Neir,location,references
Pianure di Xanesh,location,Gundazar,location,references
Pianure di Xanesh,location,Neir,location,references
Pianure di Xanesh,location,Gundazar,location,references
Pianure di Xanesh,location,Gundazar,location,references
Pianure di Xanesh,location,Gundazar,location,references
Pianure di Xanesh,location,Gundazar,location,references
Pianure di Xanesh,location,Gundazar,location,references
Pianure di Xanesh,location,Mubunash,location,references
Pianure di Xanesh,location,Gundazar,location,references
Pianure di Xanesh,location,Gundazar,location,references
Pianure di Xanesh,location,Mubunash,location,references
Pianure di Xanesh,location,Tenebris,deity_or_faction,references
Pianure di Xanesh,location,Gundazar,location,references
Pianure di Xanesh,location,Magocrazia di Nü,location,references
Pianure di Xanesh,location,Tenebris,deity_or_faction,references
Pianure di Xanesh,location,Gundazar,location,references
Pianure di Xanesh,location,Gundazar,location,references
Pianure di Xanesh,location,Neir,location,references
Pianure di Xanesh,location,Gundazar,location,references
Pianure di Xanesh,location,Tenebris,deity_or_faction,references
Pianure di Xanesh,location,Città delle Palafitte,unknown,references
Pianure di Xanesh,location,Elspet,unknown,references
Pianure di Xanesh,location,Aman'raith,unknown,references
Pianure di Xanesh,location,Varshold,unknown,references
Pianure di Xanesh,location,Nuzagaal,deity_or_faction,references
Pianure di Xanesh,location,Kustaza,unknown,references
Pianure di Xanesh,location,karevi,unknown,references
Pianure di Xanesh,location,Gundazar,location,references
Pianure di Xanesh,location,Uskar,unknown,references
Pianure di Xanesh,location,Mubunash,location,references
Pianure di Xanesh,location,Belzifer,unknown,references
Pianure di Xanesh,location,Gundazar,location,references
Pianure di Xanesh,location,Mubunash,location,references
Pianure di Xanesh,location,Garod,deity_or_faction,references
Pianure di Xanesh,location,Darkfiame,unknown,references
Pianure di Xanesh,location,Krea,deity_or_faction,references
Pianure di Xanesh,location,Città delle Palafitte,unknown,references
Pianure di Xanesh,location,Glumdrung,deity_or_faction,references
Pianure di Xanesh,location,Tenebris,deity_or_faction,references
Pianure di Xanesh,location,Mubunash,location,references
Pianure di Xanesh,location,Milford,location,references
Pianure di Xanesh,location,Oscura chiesa di Tenebris,unknown,references
Pianure di Xanesh,location,Hulbert,npc,references
Pianure di Xanesh,location,Tenebris,deity_or_faction,references
Pianure di Xanesh,location,Neir,location,references
Pianure di Xanesh,location,Pianure di Xanesh,location,references
Pianure di Xanesh,location,Mubunash,location,references
Repubblica di Mendulia’s Rock,location,Mendulia's Rock,location,references
Repubblica di Mendulia’s Rock,location,Nuzagaal,deity_or_faction,references
Repubblica di Mendulia’s Rock,location,Mendulia's Rock,location,references
Repubblica di Mendulia’s Rock,location,Mendulia's Rock,location,references
Repubblica di Mendulia’s Rock,location,Magocrazia di Nü,location,references
Repubblica di Mendulia’s Rock,location,Mendulia's Rock,location,references
Repubblica di Mendulia’s Rock,location,Mendulia's Rock,location,references
Repubblica di Mendulia’s Rock,location,Mendulia's Rock,location,references
Repubblica di Mendulia’s Rock,location,Mendulia's Rock,location,references
Repubblica di Mendulia’s Rock,location,wiloi,unknown,references
Repubblica di Mendulia’s Rock,location,Baia di Redoro,location,references
Repubblica di Mendulia’s Rock,location,Neir,location,references
Repubblica di Mendulia’s Rock,location,Mendulia's Rock,location,references
Repubblica di Mendulia’s Rock,location,Neir,location,references
Repubblica di Mendulia’s Rock,location,Mendulia's Rock,location,references
Repubblica di Mendulia’s Rock,location,Gundazar,location,references
Repubblica di Mendulia’s Rock,location,Mendulia's Rock,location,references
Repubblica di Mendulia’s Rock,location,Gundazar,location,references
Repubblica di Mendulia’s Rock,location,Magocrazia di Nü,location,references
Repubblica di Mendulia’s Rock,location,Gundazar,location,references
Repubblica di Mendulia’s Rock,location,Mendulia's Rock,location,references
Repubblica di Mendulia’s Rock,location,Impero delle Terre Nascoste,location,references
Repubblica di Mendulia’s Rock,location,Neir,location,references
Repubblica di Mendulia’s Rock,location,Baia di Redoro,location,references
Repubblica di Mendulia’s Rock,location,Provincia di Petralta,location,references
Repubblica di Mendulia’s Rock,location,Impero delle Terre Nascoste,location,references
Repubblica di Mendulia’s Rock,location,Mendulia's Rock,location,references
Repubblica di Mendulia’s Rock,location,Dardi Sanguinanti,unknown,references
Repubblica di Mendulia’s Rock,location,Mendulia's Rock,location,references
Repubblica di Mendulia’s Rock,location,Mendulia's Rock,location,references
Repubblica di Mendulia’s Rock,location,Mendulia's Rock,location,references
Repubblica di Mendulia’s Rock,location,Mendulia's Rock,location,references
Repubblica di Mendulia’s Rock,location,Magocrazia di Nü,location,references
Repubblica di Mendulia’s Rock,location,Neir,location,references
Repubblica di Mendulia’s Rock,location,Mendulia's Rock,location,references
Repubblica di Mendulia’s Rock,location,Neir,location,references
Repubblica di Mendulia’s Rock,location,Mendulia's Rock,location,references
Repubblica di Mendulia’s Rock,location,Mendulia's Rock,location,references
Repubblica di Mendulia’s Rock,location,Gundazar,location,references
Repubblica di Mendulia’s Rock,location,Neir,location,references
Repubblica di Mendulia’s Rock,location,Repubblica di Mendulia’s Rock,location,references
Repubblica di Mendulia’s Rock,location,Neir,location,references
Repubblica di Mendulia’s Rock,location,Mendulia's Rock,location,references
Repubblica di Mendulia’s Rock,location,Forte Arundex,location,references
Repubblica di Mendulia’s Rock,location,elfi,unknown,references
Repubblica di Mendulia’s Rock,location,Mendulia's Rock,location,references
Repubblica di Mendulia’s Rock,location,Mendulia's Rock,location,references
Repubblica di Mendulia’s Rock,location,Mendulia's Rock,location,references
Repubblica di Mendulia’s Rock,location,Mendulia's Rock,location,references
Repubblica di Mendulia’s Rock,location,Forte Arundex,location,references
Repubblica di Mendulia’s Rock,location,Mubunash,location,references
Repubblica di Mendulia’s Rock,location,Mendulia's Rock,location,references
Repubblica di Mendulia’s Rock,location,Maskarr,deity_or_faction,references
Repubblica di Mendulia’s Rock,location,Bruin Ashcroft,npc,references
Repubblica di Mendulia’s Rock,location,Dardi Sanguinanti,unknown,references
Repubblica di Mendulia’s Rock,location,Baia di Redoro,location,references
Repubblica di Mendulia’s Rock,location,Ippodromo,location,references
Valle Nuvolosa,location,Ludreq,location,references
Valle Nuvolosa,location,Pahr,location,references
Valle Nuvolosa,location,selva Infestata di Mysteria,unknown,references
Valle Nuvolosa,location,Campo Geyser,location,references
Valli dei Giganti,location,giganti,unknown,references
Valli dei Giganti,location,giganti,unknown,references
Valli dei Giganti,location,giganti,unknown,references
Valli dei Giganti,location,Neir,location,references
Valli dei Giganti,location,giganti,unknown,references
Valli dei Giganti,location,Pianure di Xanesh,location,references
Valli dei Giganti,location,giganti,unknown,references
Valli dei Giganti,location,Neir,location,references
Valli dei Giganti,location,Gundazar,location,references
Valli dei Giganti,location,Forte Arundex,location,references
Valli dei Giganti,location,Valli dei Giganti,location,references
Valli dei Giganti,location,Forte Arundex,location,references
Valli dei Giganti,location,Gundazar,location,references
Valli dei Giganti,location,Gundazar,location,references
Valli dei Giganti,location,Gundazar,location,references
Valli dei Giganti,location,Forte Arundex,location,references
Valli dei Giganti,location,Forte Arundex,location,references
Valli dei Giganti,location,Gundazar,location,references
Valli dei Giganti,location,Gundazar,location,references
Valli dei Giganti,location,Forte Arundex,location,references
Valli dei Giganti,location,Forte Arundex,location,references
Valli dei Giganti,location,Gundazar,location,references
Valli dei Giganti,location,Mendulia's Rock,location,references
Valli dei Giganti,location,Forte Arundex,location,references
Valli dei Giganti,location,Gundazar,location,references
Valli dei Giganti,location,Gundazar,location,references
Valli dei Giganti,location,Forte Arundex,location,references
Valli dei Giganti,location,Gundazar,location,references
Valli dei Giganti,location,Forte Arundex,location,references
Valli dei Giganti,location,Forte Arundex,location,references
Valli dei Giganti,location,Neir,location,references
Valli dei Giganti,location,urakian,unknown,references
Valli dei Giganti,location,Cenere di Lanie,location,references
Valli dei Giganti,location,Forte Arundex,location,references
Valli dei Giganti,location,Forte Arundex,location,references
Valli dei Giganti,location,Forte Arundex,location,references
Valli dei Giganti,location,Forte Arundex,location,references
Valli dei Giganti,location,Forte Arundex,location,references
Valli dei Giganti,location,Fort Arundex,unknown,references
Valli dei Giganti,location,Mendulia's Rock,location,references
Valli dei Giganti,location,Forte Arundex,location,references
Valli dei Giganti,location,Forte Arundex,location,references
Valli dei Giganti,location,Forte Arundex,location,references
Valli dei Giganti,location,Forte Arundex,location,references
Valli dei Giganti,location,Forte Arundex,location,references
Valli dei Giganti,location,Forte Arundex,location,references
Valli dei Giganti,location,Forte Arundex,location,references
Valli dei Giganti,location,Forte Arundex,location,references
Valli dei Giganti,location,Forte Arundex,location,references
Valli dei Giganti,location,Gundazar,location,references
Valli dei Giganti,location,Mendulia's Rock,location,references
Valli dei Giganti,location,Forte Arundex,location,references
Valli dei Giganti,location,Unthamarand,deity_or_faction,references
Valli dei Giganti,location,Nuzagaal,deity_or_faction,references
Valli dei Giganti,location,Unthamarand,deity_or_faction,references
Valli dei Giganti,location,Iliar,deity_or_faction,references
Valli dei Giganti,location,Forte Arundex,location,references
Valli dei Giganti,location,giganti,unknown,references
Valli dei Giganti,location,Lago delle Quattro Braccia,location,references
Valli dei Giganti,location,Forte Arundex,location,references
Valli dei Giganti,location,Wündarka,unknown,references
Valli dei Giganti,location,Forte Arundex,location,references
Valli dei Giganti,location,Rowzrugu,npc,references
Valli dei Giganti,location,Buhragath,npc,references
Verde Foresta,location,Cenere di Lanie,location,references
Verde Foresta,location,Valle Nuvolosa,location,references
Verde Foresta,location,Verde Foresta,location,references
Verde Foresta,location,Verde Foresta,location,references
Verde Foresta,location,Aman'Raith,location,references
Verde Foresta,location,Verde Foresta,location,references
Verde Foresta,location,Verde Foresta,location,references
Verde Foresta,location,Verde Foresta,location,references
Verde Foresta,location,Cenere di Lanie,location,references
Verde Foresta,location,Valle Nuvolosa,location,references
Verde Foresta,location,Aman'Raith,location,references
Verde Foresta,location,Neir,location,references
Verde Foresta,location,Landa di Edeber,location,references
Verde Foresta,location,Gundazar,location,references
Verde Foresta,location,Neir,location,references
Verde Foresta,location,Iliar,deity_or_faction,references
Verde Foresta,location,Fahrn,npc,references
Verde Foresta,location,Gundazar,location,references
Elfi di Dor,ancestry,wiloi,unknown,references
Elfi di Dor,ancestry,Neir,location,references
Elfi di Dor,ancestry,umani,unknown,references
Elfi di Dor,ancestry,elfi,unknown,references
Elfi di Dor,ancestry,Landa di Edeber,location,references
Elfi di Dor,ancestry,Lanie,deity_or_faction,references
Elfi di Dor,ancestry,Lanie,deity_or_faction,references
Elfi di Dor,ancestry,Lanie,deity_or_faction,references
Elfi di Dor,ancestry,Lanie,deity_or_faction,references
Elfi di Dor,ancestry,elfi,unknown,references
Elfi di Dor,ancestry,Landa di Edeber,location,references
Elfi di Dor,ancestry,Mendulia's Rock,location,references
Elfi di Dor,ancestry,Dor,unknown,references
Elfi di Dor,ancestry,Città Torre di Meth,unknown,references
Elfi di Dor,ancestry,Città Torre di Meth,unknown,references
Elfi di Dor,ancestry,Elunas,unknown,references
Elfi di Dor,ancestry,Nore Aad,unknown,references
Elfi di Dor,ancestry,Fjord,unknown,references
Elfi di Dor,ancestry,nani,unknown,references
Elfi di Dor,ancestry,umani,unknown,references
Elfi di Dor,ancestry,elfi,unknown,references
Elfi di Dor,ancestry,Neir,location,references
Elfi di Dor,ancestry,nani,unknown,references
Elfi di Dor,ancestry,umani,unknown,references
Elfi di Dor,ancestry,Elunas,unknown,references
Elfi di Dor,ancestry,Fjord,unknown,references
Elfi di Dor,ancestry,elfi,unknown,references
Elfi di Dor,ancestry,elfi,unknown,references
Elfi di Dor,ancestry,nani,unknown,references
Elfi di Dor,ancestry,elfi,unknown,references
Elfi di Dor,ancestry,Valle Nuvolosa,location,references
Elfi di Dor,ancestry,nani,unknown,references
Elfi di Dor,ancestry,Città Torre di Meth,unknown,references
Elfi di Dor,ancestry,Fjord,unknown,references
Elfi di Dor,ancestry,Valle Nuvolosa,location,references
Elfi di Dor,ancestry,Hultuaar,unknown,references
Elfi di Dor,ancestry,Adzanaklorss,unknown,references
Elfi di Dor,ancestry,elfi,unknown,references
Elfi di Dor,ancestry,Adzanaklorss,unknown,references
Elfi di Dor,ancestry,Oruth,unknown,references
Elfi di Dor,ancestry,Nuiwlf,unknown,references
Elfi di Dor,ancestry,Xodrodoth,unknown,references
Elfi di Dor,ancestry,klorss,unknown,references
Elfi di Dor,ancestry,Adzanaklorss,unknown,references
Elfi di Dor,ancestry,elfi di Dor,unknown,references
Elfi di Dor,ancestry,nani,unknown,references
Elfi di Dor,ancestry,klorss,unknown,references
Elfi di Dor,ancestry,Valle Nuvolosa,location,references
Elfi di Dor,ancestry,Elfi,ancestry,references
Elfi di Dor,ancestry,nani,unknown,references
Elfi di Dor,ancestry,klorss,unknown,references
Elfi di Dor,ancestry,elfi,unknown,references
Elfi di Dor,ancestry,nani,unknown,references
Elfi di Dor,ancestry,klorss,unknown,references
Elfi di Dor,ancestry,Elunas,unknown,references
Elfi di Dor,ancestry,Nore Aad,unknown,references
Elfi di Dor,ancestry,Gundazar,location,references
Elfi di Dor,ancestry,Nore Aad,unknown,references
Elfi di Dor,ancestry,umani,unknown,references
Elfi di Dor,ancestry,Meth,unknown,references
Elfi di Dor,ancestry,klorss,unknown,references
Elfi di Dor,ancestry,Impero delle Terre Nascoste,location,references
Elfi di Dor,ancestry,klorss,unknown,references
Elfi di Dor,ancestry,klorss,unknown,references
Elfi di Dor,ancestry,elfi,unknown,references
Elfi di Dor,ancestry,klorss,unknown,references
Elfi di Dor,ancestry,Città Torre di Meth,unknown,references
Elfi di Dor,ancestry,Neir,location,references
Elfi di Dor,ancestry,klorss,unknown,references
Elfi di Dor,ancestry,Dor,unknown,references
Elfi di Dor,ancestry,Elunas,unknown,references
Elfi di Dor,ancestry,Fjord,unknown,references
Elfi di Dor,ancestry,elfi,unknown,references
Elfi di Dor,ancestry,Magocrazia di Nü,location,references
Elfi di Dor,ancestry,wiloi,unknown,references
Elfi di Dor,ancestry,elfi,unknown,references
Elfi di Dor,ancestry,Magocrazia di Nü,location,references
Elfi di Dor,ancestry,elfi,unknown,references
Elfi di Dor,ancestry,Dor,unknown,references
Elfi di Dor,ancestry,Città Torre di Meth,unknown,references
Elfi di Dor,ancestry,Elfi,ancestry,references
Elfi di Dor,ancestry,nani,unknown,references
Elfi di Dor,ancestry,umani,unknown,references
Elfi di Dor,ancestry,Neir,location,references
Elfi di Dor,ancestry,Elunas,unknown,references
Elfi di Dor,ancestry,Fjord,unknown,references
Elfi di Dor,ancestry,Dor,unknown,references
Elfi di Dor,ancestry,elfi,unknown,references
Elfi di Dor,ancestry,nani,unknown,references
Elfi di Dor,ancestry,nani,unknown,references
Elfi di Dor,ancestry,Meth,unknown,references
Elfi di Dor,ancestry,Meth,unknown,references
Elfi di Dor,ancestry,elfi,unknown,references
Elfi di Dor,ancestry,Valle Nuvolosa,location,references
Elfi di Dor,ancestry,Hultuaar,unknown,references
Elfi di Dor,ancestry,Adzanaklorss,unknown,references
Elfi di Dor,ancestry,Adzanaklorss,unknown,references
Elfi di Dor,ancestry,Oruth,unknown,references
Elfi di Dor,ancestry,Nuiwlf,unknown,references
Elfi di Dor,ancestry,Xodrodoth,unknown,references
Elfi di Dor,ancestry,klorss,unknown,references
Elfi di Dor,ancestry,Elfi,ancestry,references
Elfi di Dor,ancestry,nani,unknown,references
Elfi di Dor,ancestry,klorss,unknown,references
Elfi di Dor,ancestry,klorss,unknown,references
Elfi di Dor,ancestry,Elunas,unknown,references
Elfi di Dor,ancestry,Nore Aad,unknown,references
Elfi di Dor,ancestry,Meth,unknown,references
Elfi di Dor,ancestry,Gundazar,location,references
Elfi di Dor,ancestry,Nore Aad,unknown,references
Elfi di Dor,ancestry,Nore Aad,unknown,references
Elfi di Dor,ancestry,Gundazar,location,references
Elfi di Dor,ancestry,klorss,unknown,references
Elfi di Dor,ancestry,Città Torre di Meth,unknown,references
Elfi di Dor,ancestry,elfi,unknown,references
Elfi di Dor,ancestry,Magocrazia di Nü,location,references
Elfi di Dor,ancestry,Dor,unknown,references
Elfi di Dor,ancestry,elfi,unknown,references
Elfi di Dor,ancestry,Città di Nü,location,references
Elfi di Dor,ancestry,elfi,unknown,references
Elfi di Dor,ancestry,elfi,unknown,references
Elfi di Dor,ancestry,Dor,unknown,references
Elfi di Dor,ancestry,elfi,unknown,references
Elfi di Dor,ancestry,elfi,unknown,references
Elfi di Dor,ancestry,elfi,unknown,references
Elfi di Dor,ancestry,elfi di Dor,unknown,references
Elfi di Dor,ancestry,elfi,unknown,references
Elfi di Dor,ancestry,elfi,unknown,references
Elfi di Dor,ancestry,Lanie,deity_or_faction,references
Elfi di Dor,ancestry,elfi,unknown,references
Elfi di Dor,ancestry,Halthea,deity_or_faction,references
Elfi di Dor,ancestry,Garod,deity_or_faction,references
Elfi di Dor,ancestry,elfi,unknown,references
Elfi di Dor,ancestry,Iliar,deity_or_faction,references
Elfi di Dor,ancestry,Glumdrung,deity_or_faction,references
Elfi di Dor,ancestry,Lurtan,deity_or_faction,references
Hjilaki,ancestry,vampiri,unknown,references
Hjilaki,ancestry,karevi,unknown,references
Hjilaki,ancestry,karevi,unknown,references
Hjilaki,ancestry,vampiri,unknown,references
Hjilaki,ancestry,vampiri,unknown,references
Hjilaki,ancestry,Neir,location,references
Hjilaki,ancestry,01_Lore/Razze_e_Popoli/Vampiro,unknown,references
Hjilaki,ancestry,01_Lore/Razze_e_Popoli/Vampiro,unknown,references
Hjilaki,ancestry,hjilaki,unknown,references
Vampiro,enemy,hjilaki,unknown,references
Vampiro,enemy,hjilaki,unknown,references
Vampiro,enemy,hjilaki,unknown,references
Vampiro,enemy,hjilaki,unknown,references
Vampiro,enemy,Dominio delle Trame,location,references
Vampiro,enemy,hjilaki,unknown,references
Vera Magia,lore,Nebvarasa,unknown,references
Vera Magia,lore,Dimensione dello Spirito,lore,references
Vera Magia,lore,Dimensione della Materia,lore,references
Vera Magia,lore,Vetta delle Anime,location,references
Vera Magia,lore,Nebvarasa,unknown,references
Vera Magia,lore,Yolam'hra,unknown,references
Vera Magia,lore,Hadaknaton,unknown,references
Vera Magia,lore,Zuyndar,unknown,references
Vera Magia,lore,Dimensione della Materia,lore,references
Vera Magia,lore,Rengaria,location,references
Ali del Radioso Martirio,artifact,Pasted image 20260712014522.png,unknown,references
Ali del Radioso Martirio,artifact,Fadranstaff,deity_or_faction,references
Ali del Radioso Martirio,artifact,Garod,deity_or_faction,references
Ali del Radioso Martirio,artifact,Fadranstaff,deity_or_faction,references
Amuleto dell'Investigatore,artifact,Rengaria,location,references
Anelli degli Elementi,artifact,Pasted image 20260712140604.png,unknown,references
Anelli degli Elementi,artifact,Neir,location,references
Balestre della Vita e della Morte,artifact,Pasted image 20260712140552.png,unknown,references
Balestre della Vita e della Morte,artifact,Hedd,npc,references
Bastone della Misericordia,artifact,Pasted image 20260712140541.png,unknown,references
Bastone della Misericordia,artifact,Fadranstaff,deity_or_faction,references
Bastone della Misericordia,artifact,Rengaria,location,references
Bastone della Misericordia,artifact,Dimensione della Materia,lore,references
Bestia Sacra Eneli,artifact,Pasted image 20260712122123.png,unknown,references
Bestia Sacra Eneli,artifact,Nebvarasa,unknown,references
Bestia Sacra Eneli,artifact,Lurtan,deity_or_faction,references
Binocolo della Preveggenza,artifact,Pasted image 20260712140520.png,unknown,references
Binocolo della Preveggenza,artifact,Doomkhan,deity_or_faction,references
Bracciale dell'Oltredove,artifact,Pasted image 20260712133935.png,unknown,references
Bracciale dell'Oltredove,artifact,Dimensione della Materia,lore,references
Bracciale dell'Oltredove,artifact,Zuyndar,unknown,references
Bracciale delle Molte Forme,artifact,Pasted image 20260712133843.png,unknown,references
Bracciale Sulfureo,artifact,Pasted image 20260712134221.png,unknown,references
Bracciale Sulfureo,artifact,Tenebris,deity_or_faction,references
Bracciale Sulfureo,artifact,Garod,deity_or_faction,references
Bracciale Sulfureo,artifact,Dimensione della Materia,lore,references
Chevya' La Bestia,artifact,Pasted image 20260712135136.png,unknown,references
Chevya' La Bestia,artifact,Halthea,deity_or_faction,references
Chevya' La Bestia,artifact,Neir,location,references
Chevya' La Bestia,artifact,Nuzagaal,deity_or_faction,references
Collana del Distruttore,artifact,Pasted image 20260712140006.png,unknown,references
Collana del Distruttore,artifact,Nuzagaal,deity_or_faction,references
Collana del Distruttore,artifact,Nuzagaal,deity_or_faction,references
Collana del Mutaforma,artifact,Pasted image 20260712140244.png,unknown,references
Cormaglio,artifact,Pasted image 20260712140924.png,unknown,references
Cuore Divino,artifact,Dimensione della Materia,lore,references
Demone X,artifact,Pasted image 20260712141553.png,unknown,references
Demone X,artifact,Neir,location,references
Dozhdboli il Nero Flagello,artifact,Pasted image 20260712142508.png,unknown,references
Dozhdboli il Nero Flagello,artifact,Garod,deity_or_faction,references
Dozhdboli il Nero Flagello,artifact,Garod,deity_or_faction,references
Dustsceawung,artifact,Nebvarasa,unknown,references
Dustsceawung,artifact,Rionnag'hra,unknown,references
Dustsceawung,artifact,Rengaria,location,references
Dustsceawung,artifact,Rionnag'hra,unknown,references
Dustsceawung,artifact,Rionnag'hra,unknown,references
Dustsceawung,artifact,Rionnag'hra,unknown,references
Dustsceawung,artifact,Rionnag'hra,unknown,references
Egida del Rogo,artifact,Bakraag,deity_or_faction,references
Egida del Rogo,artifact,Dimensione dello Spirito,lore,references
Egida del Rogo,artifact,Neir,location,references
Egida del Rogo,artifact,Belzifer,unknown,references
Egida del Rogo,artifact,Bakraag,deity_or_faction,references
Egida del Rogo,artifact,Bakraag,deity_or_faction,references
Elmo del Fante Demoniaco,artifact,Demien,deity_or_faction,references
Elmo di Gwynplaine,artifact,Pasted image 20260712144725.png,unknown,references
Elmo di Gwynplaine,artifact,Demien,deity_or_faction,references
Elmo di Gwynplaine,artifact,Demien,deity_or_faction,references
Elmo di Gwynplaine,artifact,Demien,deity_or_faction,references
Elmo di Gwynplaine,artifact,Neir,location,references
Elmo di Gwynplaine,artifact,Neir,location,references
Fante Demoniaco,artifact,Pasted image 20260712145107.png,unknown,references
Fante Demoniaco,artifact,Elmo del Fante Demoniaco,artifact,references
Foglia di Iliar,artifact,Iliar,deity_or_faction,references
Foglia di Iliar,artifact,elfi,unknown,references
Foglia di Iliar,artifact,Neir,location,references
Foglia di Iliar,artifact,Iliar,deity_or_faction,references
Foglia di Iliar,artifact,Iliar,deity_or_faction,references
Foglia di Iliar,artifact,Iliar,deity_or_faction,references
Foglia di Iliar,artifact,Iliar,deity_or_faction,references
Foglia di Iliar,artifact,Iliar,deity_or_faction,references
Foglia di Iliar,artifact,Iliar,deity_or_faction,references
Foglia di Iliar,artifact,Iliar,deity_or_faction,references
Frullatore (danneggiato),artifact,Pasted image 20260712183613.png,unknown,references
Frusta Fiammeggiante,artifact,Pasted image 20260712184002.png,unknown,references
Frusta Fiammeggiante,artifact,Tenebris,deity_or_faction,references
Frusta Fiammeggiante,artifact,Città Senza Nome,unknown,references
Frusta Fiammeggiante,artifact,Neir,location,references
Frusta Fiammeggiante,artifact,karevi,unknown,references
Frusta Fiammeggiante,artifact,Bakraag,deity_or_faction,references
Frusta Fiammeggiante,artifact,Unthamarand,deity_or_faction,references
Gemma del Mana Perpetuo,artifact,klorss,unknown,references
Gemma del Mana Perpetuo,artifact,Dor,unknown,references
Gemma del Mana Perpetuo,artifact,elfi,unknown,references
Gemma del Mana Perpetuo,artifact,elfi,unknown,references
Gemma del Mana Perpetuo,artifact,Città Torre di Meth,unknown,references
Gemma del Mana Perpetuo,artifact,klorss,unknown,references
Gemma del Mana Perpetuo,artifact,Reame di Dor,unknown,references
Infallibile Cristallo del Fato,artifact,Doomkhan,deity_or_faction,references
Infallibile Cristallo del Fato,artifact,Notte Eterna,lore,references
Infallibile Cristallo del Fato,artifact,Gundazar,location,references
K'idusi Seyifi Mak'at'eli,artifact,Laon,deity_or_faction,references
K'idusi Seyifi Mak'at'eli,artifact,Guerra Celeste,lore,references
K'idusi Seyifi Mak'at'eli,artifact,Fadranstaff,deity_or_faction,references
K'idusi Seyifi Mak'at'eli,artifact,Laon,deity_or_faction,references
Kanptazu,artifact,Laon,deity_or_faction,references
Kanptazu,artifact,Demien,deity_or_faction,references
Kanptazu,artifact,Demien,deity_or_faction,references
Kanptazu,artifact,Neir,location,references
Kanptazu,artifact,Laon,deity_or_faction,references
Kanptazu,artifact,Rengaria,location,references
La Senza Peso,artifact,Pasted image 20260713135452.png,unknown,references
La Senza Peso,artifact,Laon,deity_or_faction,references
La Senza Peso,artifact,Laon,deity_or_faction,references
La Senza Peso,artifact,Dimensione della Materia,lore,references
Lacrime Celesti,artifact,Neir,location,references
Lacrime Celesti,artifact,Rengaria,location,references
Lacrime Celesti,artifact,Neir,location,references
Lama del Sacro Ordine,artifact,Pasted image 20260713170124.png,unknown,references
Lama del Sacro Ordine,artifact,Halthea,deity_or_faction,references
Lama del Sacro Ordine,artifact,Halthea,deity_or_faction,references
Lama del Sacro Ordine,artifact,Neir,location,references
Lancia Angelica,artifact,Pasted image 20260713170412.png,unknown,references
Lanterna del Becchino,artifact,Principato di Darkflame,unknown,references
Lanterna del Becchino,artifact,Krea,deity_or_faction,references
Lanterna del Becchino,artifact,Città Senza Nome,unknown,references
Lanterna del Becchino,artifact,Dimensione dello Spirito,lore,references
Lenti dell'Archivista,artifact,Pasted image 20260713170809.png,unknown,references
Malia dell'Infido Gatto,artifact,Maskarr,deity_or_faction,references
Malia dell'Infido Gatto,artifact,Maskarr,deity_or_faction,references
Malia dell'Infido Gatto,artifact,Maskarr,deity_or_faction,references
Malia dell'Infido Gatto,artifact,Maskarr,deity_or_faction,references
Malia dell'Infido Gatto,artifact,Maskarr,deity_or_faction,references
Mano di Krea,artifact,Pasted image 20260713171358.png,unknown,references
Mano di Krea,artifact,Rengaria,location,references
Mano di Krea,artifact,Maskarr,deity_or_faction,references
Mano di Krea,artifact,Krea,deity_or_faction,references
Mano di Krea,artifact,Maskarr,deity_or_faction,references
Mano di Krea,artifact,Krea,deity_or_faction,references
Mano di Krea,artifact,Rengaria,location,references
Mano di Krea,artifact,Maskarr,deity_or_faction,references
Mano di Krea,artifact,Krea,deity_or_faction,references
Mano di Krea,artifact,Dimensione della Materia,lore,references
Mano di Krea,artifact,Neir,location,references
Mano di Krea,artifact,Krea,deity_or_faction,references
Mano di Krea,artifact,Neir,location,references
Mano di Krea,artifact,Neir,location,references
Mano di Krea,artifact,cacciatori di meteore,unknown,references
Mano di Krea,artifact,Krea,deity_or_faction,references
Mano di Krea,artifact,Krea,deity_or_faction,references
Mano di Krea,artifact,Maskarr,deity_or_faction,references
Mano di Krea,artifact,Krea,deity_or_faction,references
Mano di Krea,artifact,Maskarr,deity_or_faction,references
Mano di Krea,artifact,Krea,deity_or_faction,references
Mano di Krea,artifact,Tempio di Krea,unknown,references
Mano di Krea,artifact,Darkflame,unknown,references
Mano di Krea,artifact,Krea,deity_or_faction,references
Mano di Krea,artifact,Krea,deity_or_faction,references
Mano di Krea,artifact,Burocrate Infernale,unknown,references
Mano di Krea,artifact,Krea,deity_or_faction,references
Mano di Krea,artifact,Dimensione della Materia,lore,references
Mano di Krea,artifact,Maskarr,deity_or_faction,references
Mano di Krea,artifact,Maskarr,deity_or_faction,references
Mano di Krea,artifact,Krea,deity_or_faction,references
Mantello dei Venti,artifact,Adraoos,deity_or_faction,references
Mantello dei Venti,artifact,Neir,location,references
Mantello dell'Inconsistenza,artifact,Pasted image 20260713181806.png,unknown,references
Matna e la Scatola,artifact,Pasted image 20260713182245.png,unknown,references
Matna e la Scatola,artifact,gemma del mana perpetuo,unknown,references
Matna e la Scatola,artifact,Città Senza Nome,unknown,references
Matna e la Scatola,artifact,Tenebris,deity_or_faction,references
Mercanti di Meteore,artifact,Neir,location,references
Mercanti di Meteore,artifact,Guerra Celeste,lore,references
Mercanti di Meteore,artifact,Meteore,artifact,references
Mercanti di Meteore,artifact,Neir,location,references
Mercanti di Meteore,artifact,Rengaria,location,references
Mercanti di Meteore,artifact,cacciatori di meteore,unknown,references
Nindja,artifact,Pasted image 20260713182303.png,unknown,references
Nindja,artifact,Yolandi,artifact,references
Nindja,artifact,Yolandi,artifact,references
Nindja,artifact,Demien,deity_or_faction,references
Nindja,artifact,Yolandi,artifact,references
Nindja,artifact,Yolandi,artifact,references
Nindja,artifact,Yolandi,artifact,references
Occhio del Demone,artifact,Pasted image 20260713183122.png,unknown,references
Occhio del Demone,artifact,Cacciatore di Meteore,community,references
Occhio del Demone,artifact,Neir,location,references
Occhio del Demone,artifact,Rengaria,location,references
Occhio del Demone,artifact,Neir,location,references
Occhio del Demone,artifact,Cacciatore di Meteore,community,references
Oppressione Demoniaca,artifact,Pasted image 20260713183854.png,unknown,references
Osservatore Celeste,artifact,Pasted image 20260713184300.png,unknown,references
Prima Lucis Advehens,artifact,Pasted image 20260713185101.png,unknown,references
Prima Lucis Advehens,artifact,Laon,deity_or_faction,references
Prima Lucis Advehens,artifact,Neir,location,references
Prima Lucis Advehens,artifact,Ghaeler,unknown,references
Prima Lucis Advehens,artifact,Ghaeler,unknown,references
Prima Lucis Advehens,artifact,Laon,deity_or_faction,references
Prima Lucis Advehens,artifact,Dominio delle Trame,location,references
Psy Bot,artifact,Pasted image 20260713184520.png,unknown,references
Psy Bot,artifact,Pasted image 20260713184530.png,unknown,references
Psy Bot,artifact,Doomkhan,deity_or_faction,references
Putto,artifact,Pasted image 20260713185502.png,unknown,references
Putto,artifact,Azkabel,location,references
Putto,artifact,Rengaria,location,references
Putto,artifact,Rengaria,location,references
Sfida Celeste,artifact,Garod,deity_or_faction,references
Sfida Celeste,artifact,Neir,location,references
Sfida Celeste,artifact,Garod,deity_or_faction,references
Sfida Celeste,artifact,Laon,deity_or_faction,references
Sfida Celeste,artifact,Neir,location,references
Sfida Celeste,artifact,Halthea,deity_or_faction,references
Teschio del Traditore,artifact,Pasted image 20260713185941.png,unknown,references
Teschio del Traditore,artifact,Guerra Celeste,lore,references
Teschio del Traditore,artifact,Neir,location,references
Teschio del Traditore,artifact,Dimensione della Materia,lore,references
Teschio del Traditore,artifact,Rengaria,location,references
Tibia di Jonuun,artifact,Nuzagaal,deity_or_faction,references
Tibia di Jonuun,artifact,giganti,unknown,references
Tibia di Jonuun,artifact,Guerra Celeste,lore,references
Tibia di Jonuun,artifact,Neir,location,references
Tibia di Jonuun,artifact,Jonuun,unknown,references
Tibia di Jonuun,artifact,Guerra Celeste,lore,references
Tibia di Jonuun,artifact,Nuzagaal,deity_or_faction,references
Tibia di Jonuun,artifact,Agmund,unknown,references
Tibia di Jonuun,artifact,Neir,location,references
Tibia di Jonuun,artifact,Jonuun,unknown,references
Tridente del Mare Eterno,artifact,Pasted image 20260713190340.png,unknown,references
Tridente del Mare Eterno,artifact,Glumdrung,deity_or_faction,references
Tridente del Mare Eterno,artifact,Neir,location,references
Yolandi,artifact,Pasted image 20260713190638.png,unknown,references
Yolandi,artifact,Nindja,artifact,references
Yolandi,artifact,Nindja,artifact,references
Yolandi,artifact,Nindja,artifact,references
Cratere di Lava,location,urakian,unknown,references
Cratere di Lava,location,Lanie,deity_or_faction,references
Distese Nuvolose di Aej'Nagrizzt,location,Rengaria,location,references
Distese Nuvolose di Aej'Nagrizzt,location,urakian,unknown,references
Placido Specchio di Ghyd,location,urakian,unknown,references
Città delle Trame,location,Piscine,location,references
Città delle Trame,location,Obelisco dei Vinti,location,references
Città delle Trame,location,Mercato degli Schiavi,location,references
Città delle Trame,location,Cancello,location,references
Città delle Trame,location,Segrete,location,references
Città delle Trame,location,Reggia dei Piaceri,location,references
Landa di Edeber,location,Öuin,location,references
Landa di Edeber,location,klorss,unknown,references
Landa di Edeber,location,Neir,location,references
Landa di Edeber,location,Neir,location,references
Landa di Edeber,location,Radura delle Pietre Grigie,location,references
Öuin,location,Palazzo Ducale,location,references
Öuin,location,Piazza della Giostra,location,references
Öuin,location,Sala dei Gran Maestri,location,references
Öuin,location,Riposo dei Cavalieri,location,references
Öuin,location,Molo,location,references
Öuin,location,Ponte Curvo,location,references
Öuin,location,Locanda degli Eroi,location,references
Öuin,location,Tempio del Cuore e della Mente,location,references
Gundazar,location,Il Palazzo Imperiale,location,references
Gundazar,location,La Torre delle Anime,location,references
Gundazar,location,Aman'Raith,location,references
Gundazar,location,Aman'Raith,location,references
Kkyrlamny,location,Neir,location,references
Kkyrlamny,location,karevi,unknown,references
Kkyrlamny,location,Giungla di Erth,location,references
Kkyrlamny,location,Lago Vurur,location,references
Kkyrlamny,location,Miniere delle Otto Famiglie,location,references
Kkyrlamny,location,Hzaad'à,location,references
Kkyrlamny,location,Fiume Dern,location,references
Kkyrlamny,location,Ynxazvann,location,references
Kkyrlamny,location,Gloriosa Ezakran,location,references
Provincia di Petralta,location,Abisso Oscuro,location,references
Provincia di Petralta,location,Baia di Redoro,location,references
Provincia di Petralta,location,Fato di Lyonel,location,references
Provincia di Petralta,location,Petralta,location,references
Provincia di Petralta,location,Manor,location,references
Mendulia's Rock,location,Rupe di Mendulia,location,references
Mendulia's Rock,location,Molo degli Stendardi,location,references
Mendulia's Rock,location,Rifugio dei Marinai,location,references
Mendulia's Rock,location,Base della Marina,location,references
Mendulia's Rock,location,Banco del Mare,location,references
Mendulia's Rock,location,Ippodromo,location,references
Mendulia's Rock,location,Corporazione delle Arti,location,references
Mendulia's Rock,location,Tana delle Sguattere,location,references
Mendulia's Rock,location,Bassifondi,location,references
Mendulia's Rock,location,Tempio della Guarigione,location,references
Mendulia's Rock,location,Accademia delle Sette Arti,location,references
Mendulia's Rock,location,Scuola delle Parole che Uccidono,location,references
Mendulia's Rock,location,Teatro dei Sogni,location,references
Baia d'Argento di Onor,location,Cimitero dei Draghi,location,references
Bosco di Alysara,location,Elfi,ancestry,references
Bosco di Alysara,location,Azkabel,location,references
Bosco di Alysara,location,Magocrazia di Nü,location,references
Bosco di Alysara,location,Elfi,ancestry,references
Bosco di Alysara,location,Mendulia's Rock,location,references
Bosco di Alysara,location,Neir,location,references
Cimitero dei Draghi,location,Larass'hra,location,references
Cimitero dei Draghi,location,Nebvarasa,unknown,references
Desolazione Occidentale,location,Neir,location,references
Isole Gemelle,location,Desolazione Occidentale,location,references
Montagna dell'Occhio del Drago,location,Leresalazsnn'hra,unknown,references
Montagna dell'Occhio del Drago,location,Cenere di Lanie,location,references
Regione Mistica,location,Vetta delle Anime,location,references
Regione Mistica,location,Vetta delle Anime,location,references
Regione Mistica,location,Picchi del Wyrm,location,references
Terra di Ambra,location,Neir,location,references
Terra di Ambra,location,Canzone di Nebvarasa,lore,references
Terra di Ambra,location,Leresalazsnn'hra,unknown,references
Vetta delle Anime,location,Nebvarasa,unknown,references
Vetta delle Anime,location,Nebvarasa,unknown,references
Azkabel,location,elfi,unknown,references
Azkabel,location,wiloi,unknown,references
Azkabel,location,Neir,location,references
Azkabel,location,elfi,unknown,references
Azkabel,location,wiloi,unknown,references
Azkabel,location,wiloi,unknown,references
Azkabel,location,wiloi,unknown,references
Azkabel,location,elfi,unknown,references
Azkabel,location,wiloi,unknown,references
Azkabel,location,Neir,location,references
Azkabel,location,Casa dei Musici e delle Belle Arti,location,references
Azkabel,location,Biblioteca di Azkabel,location,references
Azkabel,location,Osteria dell'Onda Infranta,location,references
Città di Nü,location,wiloi,unknown,references
Città di Nü,location,elfi,unknown,references
Città di Nü,location,Magocrazia di Nü,location,references
Città di Nü,location,Daragoss,location,references
Città di Nü,location,Elfi di Dor,ancestry,references
Città di Nü,location,Azkabel,location,references
Città di Nü,location,Torre dei Segreti,location,references
Città di Nü,location,Locanda della Pergamena Annacquata,location,references
Città di Nü,location,Accademia Magica di Nü,location,references
Città di Nü,location,Locanda delle Spade Incantate,location,references
Città di Nü,location,Doomkhan,deity_or_faction,references
Daragoss,location,wiloi,unknown,references
Daragoss,location,Elfi,ancestry,references
Daragoss,location,Città di Nü,location,references
Daragoss,location,Azkabel,location,references
Daragoss,location,Daragoss,location,references
Daragoss,location,Neir,location,references
Daragoss,location,Via delle Botteghe,location,references
Daragoss,location,Università delle Scienze,location,references
Daragoss,location,Museo Naturale,location,references
Daragoss,location,Caserma delle Mille Lance,location,references
Daragoss,location,Grande Porto,location,references
Giardino degli Dei,location,Città delle Trame,location,references
Le Mura Invalicabili,location,urakian,unknown,references
Le Mura Invalicabili,location,Forte Arundex,location,references
Piramide del Dio Dimenticato,location,elfi,unknown,references
Piramide del Dio Dimenticato,location,Neir,location,references
Scuola degli Specchi,location,Neir,location,references
Scuola degli Specchi,location,Sagister,npc,references
Scuola degli Specchi,location,Piramide del Dio Dimenticato,location,references
Scuola degli Specchi,location,Doomkhan,deity_or_faction,references
Milford,location,Dominio delle Trame,location,references
Milford,location,Pianure di Xanesh,location,references
Milford,location,halfling,unknown,references
Milford,location,halfling,unknown,references
Milford,location,halfling,unknown,references
Milford,location,Fortino del Conte,location,references
Milford,location,Locanda dell'Eterno Riposo,location,references
Milford,location,Iliar,deity_or_faction,references
Milford,location,Krea,deity_or_faction,references
Mubunash,location,Mendulia's Rock,location,references
Mubunash,location,Tenebris,deity_or_faction,references
Mubunash,location,Oscura Chiesa di Tenebris,location,references
Mubunash,location,Torre Baronale,location,references
Mubunash,location,Locanda del Cappuccio Nero,location,references
Mubunash,location,Corporazione degli Archivisti,location,references
Mubunash,location,Tempietto degli Ospedalieri,location,references
Mubunash,location,Terme Imperiali,location,references
Mubunash,location,Via degli Imperatori,location,references
Mubunash,location,Monteforte,location,references
Mubunash,location,Neir,location,references
Forte Arundex,location,Neir,location,references
Forte Arundex,location,Bastione Grigio,location,references
Forte Arundex,location,Arena delle Belve,location,references
Forte Arundex,location,Tempio degli Antenati,location,references
Forte Arundex,location,Guarnigione del Simbolo Guerriero,location,references
Forte Arundex,location,Antro dei Lupi d'Inverno,location,references
Forte Arundex,location,Lago delle Quattro Braccia,location,references
Forte Arundex,location,Forte Arundex,location,references
Forte Arundex,location,Doomkhan,deity_or_faction,references
Campo Geyser,location,Valle Nuvolosa,location,references
Campo Geyser,location,Nani,ancestry,references
Ludreq,location,Fonderia del Principe,location,references
Ludreq,location,Bastione del Principe,location,references
Ludreq,location,Fondo di Guldann,location,references
Ludreq,location,Fortezza degli Scudi,location,references
Ludreq,location,Santuario di Fadranstaff,location,references
Ludreq,location,Collegio,location,references
Ludreq,location,Birreria dei Thunder,location,references
Pahr,location,Ludreq,location,references
Pahr,location,selva infestata di Mysteria,unknown,references
Selva Infestata di Mysteria,location,elfi,unknown,references
Selva Infestata di Mysteria,location,klorss,unknown,references
Selva Infestata di Mysteria,location,klorss,unknown,references
Selva Infestata di Mysteria,location,klorss,unknown,references
Selva Infestata di Mysteria,location,klorss,unknown,references
Cancello,location,Città delle Trame,location,references
Mercato degli Schiavi,location,karevi,unknown,references
Mercato degli Schiavi,location,urakian,unknown,references
Mercato degli Schiavi,location,elfi\,unknown,references
Mercato degli Schiavi,location,halfling,unknown,references
Mercato degli Schiavi,location,gnomi\,unknown,references
Mercato degli Schiavi,location,orchi\,unknown,references
Mercato degli Schiavi,location,karevi,unknown,references
Mercato degli Schiavi,location,umani\,unknown,references
Obelisco dei Vinti,location,Città delle Trame,location,references
Reggia dei Piaceri,location,Città delle Trame,location,references
Reggia dei Piaceri,location,Neir,location,references
Reggia dei Piaceri,location,Namass'rya,npc,references
Reggia dei Piaceri,location,Agan,npc,references
Reggia dei Piaceri,location,Namass'rya,npc,references
Reggia dei Piaceri,location,Namass'rya,npc,references
Reggia dei Piaceri,location,Namass'rya,npc,references
Reggia dei Piaceri,location,Agan,npc,references
Segrete,location,Namass'rya,npc,references
Segrete,location,Dominio delle Trame,location,references
Segrete,location,Matrona di Sangue,unknown,references
Locanda degli Eroi,location,Öuin,location,references
Locanda degli Eroi,location,Valle Nuvolosa,location,references
Molo,location,Città di Nü,location,references
Molo,location,Landa di Edeber,location,references
Molo,location,Öuin,location,references
Molo,location,Mendulia's Rock,location,references
Molo,location,Öuin,location,references
Molo,location,Daragoss,location,references
Palazzo Ducale,location,Piazza della Giostra,location,references
Ponte Curvo,location,Öuin,location,references
Riposo dei Cavalieri,location,Öuin,location,references
Riposo dei Cavalieri,location,Laon,deity_or_faction,references
Sala dei Gran Maestri,location,Öuin,location,references
Sala dei Gran Maestri,location,Agan,npc,references
Sala dei Gran Maestri,location,Öuin,location,references
Sala dei Gran Maestri,location,Öuin,location,references
Sala dei Gran Maestri,location,Lewyn,npc,references
Aman'Raith,location,Gundazar,location,references
Aman'Raith,location,Valle Nuvolosa,location,references
Aman'Raith,location,Verde Foresta,location,references
Aman'Raith,location,Aman'Raith,location,references
Aman'Raith,location,Gundazar,location,references
Aman'Raith,location,Aman'Raith,location,references
Aman'Raith,location,Aman'Raith,location,references
La Torre delle Anime,location,Mendulia's Rock,location,references
La Torre delle Anime,location,Neir,location,references
Fiume Dern,location,Kkyrlamny,location,references
Fiume Dern,location,Valli dei Giganti,location,references
Fiume Dern,location,Abisso Oscuro,location,references
Gloriosa Ezakran,location,karevi,unknown,references
Gloriosa Ezakran,location,Impero delle Terre Nascoste,location,references
Gloriosa Ezakran,location,karevi,unknown,references
Gloriosa Ezakran,location,karevi,unknown,references
Gloriosa Ezakran,location,Kkyrlamny,location,references
Gloriosa Ezakran,location,Hzaad'à,location,references
Gloriosa Ezakran,location,Tempio della Luce Nera,location,references
Gloriosa Ezakran,location,Palazzo-sfera dell'Imperatore,location,references
Gloriosa Ezakran,location,Giardinetti Lungofiume,location,references
Gloriosa Ezakran,location,Quartiere Mendus,location,references
Gloriosa Ezakran,location,Quartiere Hjilaki,location,references
Gloriosa Ezakran,location,Quartiere Zeyd,location,references
Gloriosa Ezakran,location,Ritrovo dei Dannati,location,references
Hzaad'à,location,karevi,unknown,references
Hzaad'à,location,Kkyrlamny,location,references
Hzaad'à,location,Petralta,location,references
Hzaad'à,location,karevi,unknown,references
Hzaad'à,location,Garod,deity_or_faction,references
Lago Vurur,location,Giungla di Erth,location,references
Lago Vurur,location,Neir,location,references
Lago Vurur,location,karevi,unknown,references
Ynxazvann,location,Giungla di Erth,location,references
Ynxazvann,location,Giungla di Erth,location,references
Abisso Oscuro,location,Neir,location,references
Abisso Oscuro,location,Hzaad'à,location,references
Abisso Oscuro,location,wiloi,unknown,references
Baia di Redoro,location,Neir,location,references
Baia di Redoro,location,Neir,location,references
Baia di Redoro,location,Provincia di Petralta,location,references
Baia di Redoro,location,Repubblica di Mendulia’s Rock,location,references
Baia di Redoro,location,Neir,location,references
Fato di Lyonel,location,Baia di Redoro,location,references
Fato di Lyonel,location,Neir,location,references
Fato di Lyonel,location,Gundazar,location,references
Manor,location,Impero delle Terre Nascoste,location,references
Manor,location,Neir,location,references
Manor,location,Cenere di Lanie,location,references
Manor,location,karevi,unknown,references
Manor,location,urakian,unknown,references
Manor,location,karevi,unknown,references
Manor,location,urakian,unknown,references
Petralta,location,Gundazar,location,references
Petralta,location,Gloriosa Ezakran,location,references
Petralta,location,Abisso Oscuro,location,references
Petralta,location,Manor,location,references
Petralta,location,Baia di Redoro,location,references
Petralta,location,Mendulia's Rock,location,references
Petralta,location,Fiera Avveniristica di Flurr lo Gnomo,location,references
Petralta,location,Porticato del Governatore,location,references
Petralta,location,Ostello dei Morti Contenti,location,references
Petralta,location,Ospedale del Silenzio,location,references
Petralta,location,I Bianchi Sepolcri,location,references
Petralta,location,Mura di Aeros II,location,references
Giardinetti Lungofiume,location,karevi,unknown,references
Giardinetti Lungofiume,location,Gloriosa Ezakran,location,references
Giardinetti Lungofiume,location,Gloriosa Ezakran,location,references
Palazzo-sfera dell'Imperatore,location,Neir,location,references
Palazzo-sfera dell'Imperatore,location,Larass'hra,location,references
Palazzo-sfera dell'Imperatore,location,Impero delle Terre Nascoste,location,references
Quartiere Hjilaki,location,Gloriosa Ezakran,location,references
Quartiere Hjilaki,location,Giardinetti Lungofiume,location,references
Quartiere Hjilaki,location,karevi,unknown,references
Quartiere Hjilaki,location,Gloriosa Ezakran,location,references
Quartiere Mendus,location,Impero delle Terre Nascoste,location,references
Quartiere Mendus,location,Mendulia's Rock,location,references
Quartiere Mendus,location,Impero delle Terre Nascoste,location,references
Quartiere Mendus,location,Impero delle Terre Nascoste,location,references
Quartiere Mendus,location,Gloriosa Ezakran,location,references
Quartiere Mendus,location,karevi,unknown,references
Quartiere Mendus,location,Petralta,location,references
Quartiere Zeyd,location,karevi,unknown,references
Ritrovo dei Dannati,location,karevi,unknown,references
Ritrovo dei Dannati,location,Prescelti dalle Tenebre,unknown,references
Ritrovo dei Dannati,location,Prescelti dalle Tenebre,unknown,references
Ritrovo dei Dannati,location,Prescelti dalle Tenebre,unknown,references
Ritrovo dei Dannati,location,Prescelti dalle Tenebre,unknown,references
Ritrovo dei Dannati,location,Gloriosa Ezakran,location,references
Tempio della Luce Nera,location,Neir,location,references
Tempio della Luce Nera,location,M'oraoork,npc,references
Fiera Avveniristica di Flurr lo Gnomo,location,Petralta,location,references
I Bianchi Sepolcri,location,Petralta,location,references
I Bianchi Sepolcri,location,Petralta,location,references
Ospedale del Silenzio,location,Petralta,location,references
Ostello dei Morti Contenti,location,Petralta,location,references
Porticato del Governatore,location,Petralta,location,references
Porticato del Governatore,location,Petralta,location,references
Banco del Mare,location,Neir,location,references
Banco del Mare,location,Daragoss,location,references
Banco del Mare,location,Mendulia's Rock,location,references
Banco del Mare,location,Neir,location,references
Banco del Mare,location,Mendulia's Rock,location,references
Bassifondi,location,Dardi Sanguinanti,unknown,references
Ippodromo,location,Mendulia's Rock,location,references
Ippodromo,location,Neir,location,references
Molo degli Stendardi,location,Mendulia's Rock,location,references
Rifugio dei Marinai,location,orchi,unknown,references
Rifugio dei Marinai,location,urakian,unknown,references
Rifugio dei Marinai,location,halfling,unknown,references
Rifugio dei Marinai,location,Umani,ancestry,references
Rifugio dei Marinai,location,Elfi,ancestry,references
Rifugio dei Marinai,location,wiloi,unknown,references
Rifugio dei Marinai,location,karevi,unknown,references
Rifugio dei Marinai,location,gnomo,unknown,references
Rifugio dei Marinai,location,Azkabel,location,references
Rifugio dei Marinai,location,Molo degli Stendardi,location,references
Scuola delle Parole che Uccidono,location,Mendulia's Rock,location,references
Tana delle Sguattere,location,Orchi,ancestry,references
Tempio della Guarigione,location,Fadranstaff,deity_or_faction,references
Tempio della Guarigione,location,Mendulia's Rock,location,references
Biblioteca di Azkabel,location,Yolam'hra,unknown,references
Casa dei Musici e delle Belle Arti,location,elfi,unknown,references
Osteria dell'Onda Infranta,location,Azkabel,location,references
Accademia Magica di Nü,location,Neir,location,references
Locanda della Pergamena Annacquata,location,Accademia Magica di Nü,location,references
Locanda della Pergamena Annacquata,location,yamyam,unknown,references
Caserma delle Mille Lance,location,Magocrazia di Nü,location,references
Caserma delle Mille Lance,location,Daragoss,location,references
Grande Porto,location,Magocrazia di Nü,location,references
Grande Porto,location,Daragoss,location,references
Grande Porto,location,Magocrazia di Nü,location,references
Museo Naturale,location,Università delle Scienze,location,references
Università delle Scienze,location,Accademia Magica di Nü,location,references
Università delle Scienze,location,Daragoss,location,references
Via delle Botteghe,location,Daragoss,location,references
Fortino del Conte,location,Annie Rose-Robe,npc,references
Fortino del Conte,location,Fadranstaff,deity_or_faction,references
Locanda dell'Eterno Riposo,location,Neir,location,references
Locanda dell'Eterno Riposo,location,Milford,location,references
Corporazione degli Archivisti,location,Neir,location,references
Monteforte,location,Mubunash,location,references
Monteforte,location,Mubunash,location,references
Oscura Chiesa di Tenebris,location,Tenebris,deity_or_faction,references
Oscura Chiesa di Tenebris,location,Tenebris,deity_or_faction,references
Oscura Chiesa di Tenebris,location,Pianure di Xanesh,location,references
Tempietto degli Ospedalieri,location,Mubunash,location,references
Tempietto degli Ospedalieri,location,Fadranstaff,deity_or_faction,references
Terme Imperiali,location,Mubunash,location,references
Torre Baronale,location,Tenebris,deity_or_faction,references
Torre Baronale,location,Tenebris,deity_or_faction,references
Torre Baronale,location,Oscura Chiesa di Tenebris,location,references
Via degli Imperatori,location,Gundazar,location,references
Via degli Imperatori,location,Pianure di Xanesh,location,references
Via degli Imperatori,location,Tenebris,deity_or_faction,references
Antro dei Lupi d'Inverno,location,Neir,location,references
Antro dei Lupi d'Inverno,location,Dardi Sanguinanti,unknown,references
Antro dei Lupi d'Inverno,location,Forte Arundex,location,references
Antro dei Lupi d'Inverno,location,karevi,unknown,references
Bastione Grigio,location,Forte Arundex,location,references
Guarnigione del Simbolo Guerriero,location,Orgnornor,npc,references
Tempio degli Antenati,location,Forte Arundex,location,references
Bastione del Principe,location,Valle Nuvolosa,location,references
Collegio,location,nani,unknown,references
Fonderia del Principe,location,nani,unknown,references
Fondo di Guldann,location,Impero delle Terre Nascoste,location,references
Fondo di Guldann,location,Neir,location,references
Fortezza degli Scudi,location,Fondo di Guldann,location,references
Santuario di Fadranstaff,location,Ludreq,location,references
Santuario di Fadranstaff,location,Fadranstaff,deity_or_faction,references
Archivista,community,gnoll,unknown,references
Archivista,community,bardi,unknown,references
Archivista,community,Neir,location,references
Archivista,community,Mubunash,location,references
Archivista,community,Neir,location,references
Archivista,community,Pianure di Xanesh,location,references
Background,community,Neir,location,references
Background,community,Neir,location,references
Background,community,Cacciatore di Meteore,community,references
Background,community,Esmeraldia,unknown,references
Background,community,Mare Andante,community,references
Background,community,Baia di Redoro,location,references
Background,community,Dardi Sanguinanti,unknown,references
Background,community,Archivista,community,references
Background,community,Cacciatore di Meteore,community,references
Background,community,Dardo Sanguinante,community,references
Background,community,Mare Andante,community,references
Cacciatore di Meteore,community,Forte Arundex,location,references
Cacciatore di Meteore,community,urakian,unknown,references
Cacciatore di Meteore,community,karevi,unknown,references
Cacciatore di Meteore,community,wiloi,unknown,references
Cacciatore di Meteore,community,Neir,location,references
Cacciatore di Meteore,community,Rengaria,location,references
Cacciatore di Meteore,community,Dimensione della Materia,lore,references
Dardo Sanguinante,community,Neir,location,references
Mare Andante,community,Mendulia's Rock,location,references
Mare Andante,community,Gilda del Gonfalone Azzurro,unknown,references
Mare Andante,community,Neir,location,references
Mare Andante,community,Gonfalone,unknown,references
Mare Andante,community,Mendulia's Rock,location,references
Mare Andante,community,Gonfalone Azzurro,unknown,references
Mare Andante,community,Neir,location,references
Mare Andante,community,Mendulia's Rock,location,references
Mare Andante,community,Mendulia's Rock,location,references
Mare Andante,community,Neir,location,references
Arcana,domain,Custode delle Rune,ability,references
Arcana,domain,Libera il Caos,ability,references
Arcana,domain,Cammino sulle Pareti,ability,references
Arcana,domain,Presa Cinerea,ability,references
Arcana,domain,Occhio Fluttuante,ability,references
Arcana,domain,ControIncantesimo,ability,references
Arcana,domain,Volo,ability,references
Arcana,domain,Sparizione,ability,references
Arcana,domain,Esplosione di Conservazione,ability,references
Arcana,domain,Catena di Fulmini,ability,references
Arcana,domain,Premonizione,ability,references
Arcana,domain,Camminatore di Fessura,ability,references
Arcana,domain,Telecinesi,ability,references
Arcana,domain,Toccato dall'Arcano,ability,references
Arcana,domain,Esplosione Ammantata,ability,references
Arcana,domain,Riflesso Arcano,ability,references
Arcana,domain,Aura Confondente,ability,references
Arcana,domain,Terremoto,ability,references
Arcana,domain,Proiezione Sensoriale,ability,references
Arcana,domain,Regola la Realtà,ability,references
Arcana,domain,Cieli che Cadono,ability,references
Codice,domain,Bard,class,references
Codice,domain,Wizard,class,references
Codice,domain,Libro di Ava,ability,references
Codice,domain,Libro di Illiat,ability,references
Codice,domain,Libro di Tyfar,ability,references
Codice,domain,Libro di Sitil,ability,references
Codice,domain,Libro di Vagras,ability,references
Codice,domain,Libro di Korvax,ability,references
Codice,domain,Libro di Norai,ability,references
Codice,domain,Libro di Exota,ability,references
Codice,domain,Libro di Grynn,ability,references
Codice,domain,Muro Manifesto,ability,references
Codice,domain,Teletrasporto,ability,references
Codice,domain,Cacciare,ability,references
Codice,domain,Sigillo di Ritorsione,ability,references
Codice,domain,Libro di Homet,ability,references
Codice,domain,Toccato dal Codice,ability,references
Codice,domain,Libro di Vyola,ability,references
Codice,domain,Rifugio Sicuro,ability,references
Codice,domain,Libro di Ronin,ability,references
Codice,domain,Onda di Disintegrazione,ability,references
Codice,domain,Libro di Yarrow,ability,references
Codice,domain,Unione Trascendente,ability,references
Domini delle Classi,domain,Codice,domain,references
Domini delle Classi,domain,Grazia,domain,references
Domini delle Classi,domain,Arcana,domain,references
Domini delle Classi,domain,Saggio,domain,references
Domini delle Classi,domain,Lama,domain,references
Domini delle Classi,domain,Valore,domain,references
Domini delle Classi,domain,Ossa,domain,references
Domini delle Classi,domain,Saggio,domain,references
Domini delle Classi,domain,Grazia,domain,references
Domini delle Classi,domain,Mezzanotte,unknown,references
Domini delle Classi,domain,Splendore,domain,references
Domini delle Classi,domain,Valore,domain,references
Domini delle Classi,domain,Arcana,domain,references
Domini delle Classi,domain,Mezzanotte,unknown,references
Domini delle Classi,domain,Lama,domain,references
Domini delle Classi,domain,Ossa,domain,references
Domini delle Classi,domain,Codice,domain,references
Domini delle Classi,domain,Splendore,domain,references
Grazia,domain,Abile Inganno,ability,references
Grazia,domain,Estasi,ability,references
Grazia,domain,Parole d'Ispirazione,ability,references
Grazia,domain,Non Dire Mai Bugie,ability,references
Grazia,domain,PiantaGrane,ability,references
Grazia,domain,Velo Ipnotico,ability,references
Grazia,domain,Invisibilità,ability,references
Grazia,domain,Discorso Rassicurante,ability,references
Grazia,domain,Attraverso i Tuoi Occhi,ability,references
Grazia,domain,Scavatore di Pensieri,ability,references
Grazia,domain,Parole di Discordia,ability,references
Grazia,domain,Mai Sopraffatto,ability,references
Grazia,domain,Condividi il Carico,ability,references
Grazia,domain,Carisma Infinito,ability,references
Grazia,domain,Tocco della Grazia,ability,references
Grazia,domain,Proiezione Astrale,ability,references
Grazia,domain,Entusiasmo di Massa,ability,references
Grazia,domain,Imitatore,ability,references
Grazia,domain,Maestro dell'Arte,ability,references
Grazia,domain,Ripetizione,ability,references
Grazia,domain,Famoso,ability,references
Lama,domain,Guardian,class,references
Lama,domain,Warrior,class,references
Lama,domain,Rialzati,ability,references
Lama,domain,Non Abbastanza Buono,ability,references
Lama,domain,Vortice,ability,references
Lama,domain,Legame di un Soldato,ability,references
Lama,domain,Audace,ability,references
Lama,domain,Mischia,ability,references
Lama,domain,Combattente Versatile,ability,references
Lama,domain,Concentrazione Letale,ability,references
Lama,domain,Armatura Fortificata,ability,references
Lama,domain,Vantaggio del Campione,ability,references
Lama,domain,Vitalità,ability,references
Lama,domain,Rafforzato in Battaglia,ability,references
Lama,domain,Furia Crescente,ability,references
Lama,domain,Colpito dalla Lama,ability,references
Lama,domain,Colpo di Sfioramento,ability,references
Lama,domain,Grido di Battaglia,ability,references
Lama,domain,Frenesia,ability,references
Lama,domain,Sangue e Gloria,ability,references
Lama,domain,Colpo del Mietitore,ability,references
Lama,domain,Mostro da Battaglia,ability,references
Lama,domain,Assalto,ability,references
MezzaNotte,domain,Prendi e Tira,ability,references
MezzaNotte,domain,Pioggia di Lame,ability,references
MezzaNotte,domain,Travestimento Misterioso,ability,references
MezzaNotte,domain,Spirito di Mezzanotte,ability,references
MezzaNotte,domain,Legame dell'Ombra,ability,references
MezzaNotte,domain,Presa alla Gola,ability,references
MezzaNotte,domain,Velo Notturno,ability,references
MezzaNotte,domain,Esperto di Furtività,ability,references
MezzaNotte,domain,Glifo dell'Oscurità,ability,references
MezzaNotte,domain,Silenzio,ability,references
MezzaNotte,domain,Ritirata Fantasma,ability,references
MezzaNotte,domain,Sussurri Oscuri,ability,references
MezzaNotte,domain,Travestimento di Massa,ability,references
MezzaNotte,domain,Toccato dalla Mezzanotte,ability,references
MezzaNotte,domain,Schivata Elusiva,ability,references
MezzaNotte,domain,Cacciatore d'Ombre,ability,references
MezzaNotte,domain,Carica di Incantesimo,ability,references
MezzaNotte,domain,Terrore della Notte,ability,references
MezzaNotte,domain,Tassa del Crepuscolo,ability,references
MezzaNotte,domain,Eclissi,ability,references
MezzaNotte,domain,Spettro del Buio,ability,references
Ossa,domain,Manovre Agili,ability,references
Ossa,domain,Vedo Che Arriva,ability,references
Ossa,domain,Intoccabile,ability,references
Ossa,domain,Ferocia,ability,references
Ossa,domain,Approccio Strategico,ability,references
Ossa,domain,Rafforzamento,ability,references
Ossa,domain,Tattico,ability,references
Ossa,domain,Potenziamento,ability,references
Ossa,domain,Ridirezione,ability,references
Ossa,domain,Conosci il tuo nemico,ability,references
Ossa,domain,Mossa Caratteristica,ability,references
Ossa,domain,Risposta Rapida,ability,references
Ossa,domain,Recupero,ability,references
Ossa,domain,Toccando l'Osso,ability,references
Ossa,domain,Precisione Crudele,ability,references
Ossa,domain,Colpo di Rottura,ability,references
Ossa,domain,Controllare,ability,references
Ossa,domain,Sul Limite,ability,references
Ossa,domain,Colpo di Frantumazione,ability,references
Ossa,domain,Corsa verso la Morte,ability,references
Ossa,domain,Passo Rapido,ability,references
Saggio,domain,Druid,class,references
Saggio,domain,Ranger,class,references
Saggio,domain,Tracciatore Dotato,ability,references
Saggio,domain,Lingua della Natura,ability,references
Saggio,domain,Intrico Violento,ability,references
Saggio,domain,Evoca Sciame,ability,references
Saggio,domain,Famiglio della Natura,ability,references
Saggio,domain,Proiettile Corrosivo,ability,references
Saggio,domain,Fusto Maestoso,ability,references
Saggio,domain,Morsa Mortale,ability,references
Saggio,domain,Campo di Guarigione,ability,references
Saggio,domain,Pelle di Spine,ability,references
Saggio,domain,Fortezza Selvaggia,ability,references
Saggio,domain,Equidi Evocati,ability,references
Saggio,domain,Raccoglitore,ability,references
Saggio,domain,Tocco del Saggio,ability,references
Saggio,domain,Impulso Selvaggio,ability,references
Saggio,domain,Spiritelli della Foresta,ability,references
Saggio,domain,Barriera di Rigenerazione,ability,references
Saggio,domain,Santuario della Selva,ability,references
Saggio,domain,Dominio Vegetale,ability,references
Saggio,domain,Forza della Natura,ability,references
Saggio,domain,Tempesta,ability,references
Splendore,domain,Proiettile di Luce,ability,references
Splendore,domain,Tocco Riparatore,ability,references
Splendore,domain,Rassicurazione,ability,references
Splendore,domain,Ultime Parole,ability,references
Splendore,domain,Mani Curatrici,ability,references
Splendore,domain,Secondo Respiro,ability,references
Splendore,domain,Voce della Ragione,ability,references
Splendore,domain,Divinazione,ability,references
Splendore,domain,Vita Protetta,ability,references
Splendore,domain,Forma Materiale,ability,references
Splendore,domain,Colpo,ability,references
Splendore,domain,Ristoro,ability,references
Splendore,domain,Zona di Protezione,ability,references
Splendore,domain,Colpo Guaritore,ability,references
Splendore,domain,Tocco dello Splendore,ability,references
Splendore,domain,Scudo d'Aura,ability,references
Splendore,domain,Splendida Luce Solare,ability,references
Splendore,domain,Aura Sovrastante,ability,references
Splendore,domain,Raggio Salvifico,ability,references
Splendore,domain,Rinvigorimento,ability,references
Splendore,domain,Risurrezione,ability,references
Valore,domain,Ossa e Pelle,ability,references
Valore,domain,Spinta Forzata,ability,references
Valore,domain,Sono Il Tuo Scudo,ability,references
Valore,domain,Distruttore di Corpi,ability,references
Valore,domain,Presenza Audace,ability,references
Valore,domain,Ispirazione Critica,ability,references
Valore,domain,Appoggiati,ability,references
Valore,domain,Provocazione,ability,references
Valore,domain,Scudo di Supporto,ability,references
Valore,domain,Corazza,ability,references
Valore,domain,Colpo Risonante,ability,references
Valore,domain,Inevitabile,ability,references
Valore,domain,Risorgi,ability,references
Valore,domain,Scuotiti,ability,references
Valore,domain,Toccato dal Valore,ability,references
Valore,domain,Piena Ondata,ability,references
Valore,domain,Colpire al Suolo,ability,references
Valore,domain,Tieni la Linea,ability,references
Valore,domain,Guida con l'Esempio,ability,references
Valore,domain,Infrangibile,ability,references
Valore,domain,Armatura Infrangibile,ability,references
Abominio dei Regni Esterni,enemy,Picchiatore,unknown,references
Adepto Cultista,enemy,Supporto,unknown,references
Agglomerato di Carcasse Zombie,enemy,Solo,unknown,references
Alto Serafino,enemy,Capo,unknown,references
Anguille Elettriche,enemy,Orda,unknown,references
Aquila Gigante,enemy,Furtivo,unknown,references
Arcere Scheletrico,enemy,a Distanza,unknown,references
Arciere Maledetto,enemy,a Distanza,unknown,references
Arciere Spettrale,enemy,a Distanza,unknown,references
ArcoNecromante,enemy,Capo,unknown,references
Assassino Apprendista,enemy,Minion,unknown,references
Assassino Velenoso,enemy,Furtivo,unknown,references
Bandito con Lama Seghettata,enemy,Standard,unknown,references
Barone Mercante,enemy,Sociale,unknown,references
Cacciatore Mortale,enemy,Capo,unknown,references
Capitano Pirata,enemy,Capo,unknown,references
Capitano Spettrale,enemy,Capo,unknown,references
Capo delle Guardie,enemy,Capo,unknown,references
Cavaliere del Cervo,enemy,Standard,unknown,references
Cavaliere della Corona,enemy,Capo,unknown,references
Cavaliere Scheletrico,enemy,Picchiatore,unknown,references
Cecchino della Lama Seghettata,enemy,a Distanza,unknown,references
Combattente Gigante,enemy,Picchiatore,unknown,references
Consigliere Reale,enemy,Sociale,unknown,references
Corrutore dei Regni Esterni,enemy,Supporto,unknown,references
Corruttore dei Regni Esterni,enemy,Supporto,unknown,references
Cortigiana,enemy,Sociale,unknown,references
Cortigiano,enemy,Sociale,unknown,references
Coscritto,enemy,Minion,unknown,references
Costrutto,enemy,Solo,unknown,references
Custode dei Segreti,enemy,Capo,unknown,references
Demone dell'Avarizia,enemy,Supporto,unknown,references
Demone dell'Presunzione,enemy,Capo,unknown,references
Demone della Furia,enemy,Picchiatore,unknown,references
Demone di Disperazione,enemy,Furtivo,unknown,references
Demone di Gelosia,enemy,a Distanza,unknown,references
Demone Minore,enemy,Solo,unknown,references
Devastatore,enemy,Standard,unknown,references
Difensore dalle Radici Profonde,enemy,Picchiatore,unknown,references
Dragatore Scheletrico,enemy,Minion,unknown,references
Drago Vulcanico Flagello Fuso,enemy,Solo,unknown,references
Drago Vulcanico Predatore di Ossidiana,enemy,Solo,unknown,references
Drago Vulcanico Tiranno Cinereo,enemy,Solo,unknown,references
Driade,enemy,Capo,unknown,references
Elementale Maggiore dell'Acqua,enemy,Supporto,unknown,references
Elementale Maggiore della Terra,enemy,Picchiatore,unknown,references
Elementale Minore del Caos,enemy,Solo,unknown,references
Elementale Minore del Fuoco,enemy,Solo,unknown,references
Esperimento Fallito,enemy,Standard,unknown,references
Giovane Drago di Ghiaccio,enemy,Solo,unknown,references
Giovane Driade,enemy,Capo,unknown,references
Gorgone,enemy,Solo,unknown,references
Gruppo di Zombie,enemy,Orda,unknown,references
Guardia Arciere,enemy,a Distanza,unknown,references
Guardia con Lama,enemy,Standard,unknown,references
Guardiano Carceriere della Cripta,enemy,Supporto,unknown,references
Guardiano Spettrale,enemy,Standard,unknown,references
Guerriero Caduto Campione Imbattibile,enemy,Solo,unknown,references
Guerriero Caduto Frantumatore di Reami,enemy,Solo,unknown,references
Guerriero Scheletrico,enemy,Standard,unknown,references
Idra,enemy,Solo,unknown,references
Immensa Melma Verde,enemy,Furtivo,unknown,references
Iniziato Cultista,enemy,Minion,unknown,references
Kraken,enemy,Solo,unknown,references
Ladro Mascherato,enemy,Furtivo,unknown,references
Lama Incantata,enemy,Capo,unknown,references
Legione Zombie,enemy,Orda,unknown,references
Lucciola Adulta,enemy,Solo,unknown,references
Lucciola Giovane,enemy,Solo,unknown,references
Lupo Mannaro,enemy,Furtivo,unknown,references
Maestro Assassino,enemy,Capo,unknown,references
Maestro delle Armi,enemy,Picchiatore,unknown,references
Maestro delle Bestie Gigante,enemy,Capo,unknown,references
Mago della Lama Seghettata,enemy,Supporto,unknown,references
Melma Rossa,enemy,Furtivo,unknown,references
Melma Verde,enemy,Furtivo,unknown,references
Mente dei Vampiri,enemy,Capo,unknown,references
Mercante,enemy,Sociale,unknown,references
Mercenario,enemy,Minion,unknown,references
Minotauro Demolitore,enemy,Picchiatore,unknown,references
Minotauro Demolitore,enemy,firbolg,unknown,references
Monarca,enemy,Sociale,unknown,references
Nobile Minore,enemy,Sociale,unknown,references
Ogre di Caverna,enemy,Solo,unknown,references
Ombra della Lama Seghettata,enemy,Furtivo,unknown,references
Oracolo del Destino,enemy,Solo,unknown,references
Orso,enemy,Picchiatore,unknown,references
Pastore di Alberi Minore,enemy,Minion,unknown,references
Pastore di Alberi Quercia,enemy,Picchiatore,unknown,references
Piccola Melma Rossa,enemy,Furtivo,unknown,references
Piccola Melma Verde,enemy,Furtivo,unknown,references
Piccolo Pastore di Alberi,enemy,Minion,unknown,references
Pirata Resiliente,enemy,Picchiatore,unknown,references
Predoni Pirati,enemy,Orda,unknown,references
Ratto Gigante,enemy,Minion,unknown,references
Recluta Gigante,enemy,Minion,unknown,references
Rovi Intricati,enemy,Minion,unknown,references
Scatola da Battaglia,enemy,Solo,unknown,references
Scavatore Acido,enemy,Solo,unknown,references
Sciame di Ratti,enemy,Orda,unknown,references
Sciame di Rovi Intricati,enemy,Orda,unknown,references
Scintilla Elementale,enemy,Minion,unknown,references
Scorpione Gigante,enemy,Picchiatore,unknown,references
Seguace della Lama Seghettata,enemy,Minion,unknown,references
Sentinella Guardiana della Cripta,enemy,Picchiatore,unknown,references
Serpente di Vetro,enemy,Standard,unknown,references
Servo dei Regni Esterni,enemy,Minion,unknown,references
Sirena,enemy,Furtivo,unknown,references
Soldato d'Assalto Caduto,enemy,Minion,unknown,references
Soldato d'Elite,enemy,Standard,unknown,references
Soldato Maledetto,enemy,Minion,unknown,references
Soldato Silvano,enemy,Standard,unknown,references
Spettro di Pietra,enemy,Furtivo,unknown,references
SpezzaGinocchia della Lama Seghettata,enemy,Picchiatore,unknown,references
Spia,enemy,Sociale,unknown,references
Squadrone di Arceri,enemy,Orda,unknown,references
Squalo,enemy,Picchiatore,unknown,references
Stregone Caduto,enemy,Supporto,unknown,references
Stregone Guerriero,enemy,a Distanza,unknown,references
Tenente della Lama Seghettata,enemy,Capo,unknown,references
Terribile Pipistrello,enemy,Furtivo,unknown,references
Teschio del Caos,enemy,a Distanza,unknown,references
Torretta Guardiana della Cripta,enemy,a Distanza,unknown,references
Vampiro,enemy,Standard,unknown,references
Zanna Cultista,enemy,Furtivo,unknown,references
Zanzare Giganti,enemy,Orda,unknown,references
Zombie Barcollante,enemy,Standard,unknown,references
Zombie Marcio,enemy,Minion,unknown,references
Zombie Muscoloso,enemy,Picchiatore,unknown,references
Zombie Perfezionato,enemy,Picchiatore,unknown,references
Ispirazione Divina,house_rule,Neir,location,references
Ispirazione Divina,house_rule,Guerra Celeste,lore,references
Ispirazione Divina,house_rule,Dimensione dello Spirito,lore,references
Ispirazione Divina,house_rule,Dimensione della Materia,lore,references
Ispirazione Divina,house_rule,Lurtan,deity_or_faction,references
Ispirazione Divina,house_rule,Nuzagaal,deity_or_faction,references
Ispirazione Divina,house_rule,Maskarr,deity_or_faction,references
Ispirazione Divina,house_rule,Adraoos,deity_or_faction,references
Ispirazione Divina,house_rule,Bakraag,deity_or_faction,references
Ispirazione Divina,house_rule,Demien,deity_or_faction,references
Ispirazione Divina,house_rule,Doomkhan,deity_or_faction,references
Ispirazione Divina,house_rule,Fadranstaff,deity_or_faction,references
Ispirazione Divina,house_rule,Garod,deity_or_faction,references
Ispirazione Divina,house_rule,Glumdrung,deity_or_faction,references
Ispirazione Divina,house_rule,Halthea,deity_or_faction,references
Ispirazione Divina,house_rule,iliar,unknown,references
Ispirazione Divina,house_rule,Krea,deity_or_faction,references
Ispirazione Divina,house_rule,Lanie,deity_or_faction,references
Ispirazione Divina,house_rule,Laon,deity_or_faction,references
Ispirazione Divina,house_rule,Lurtan,deity_or_faction,references
Ispirazione Divina,house_rule,Maskarr,deity_or_faction,references
Ispirazione Divina,house_rule,Nuzagaal,deity_or_faction,references
Ispirazione Divina,house_rule,Tenebris,deity_or_faction,references
Ispirazione Divina,house_rule,Unthamarand,deity_or_faction,references
Teriantropia,house_rule,Neir,location,references
Teriantropia,house_rule,Notte Eterna,lore,references
Teriantropia,house_rule,Gonfalone Azzurro,unknown,references
Teriantropia,house_rule,Forte Arudex,unknown,references
Teriantropia,house_rule,urakian,unknown,references
Teriantropia,house_rule,urakian,unknown,references
Teriantropia,house_rule,Dominio delle Trame,location,references
Teriantropia,house_rule,hjilaki,unknown,references
Teriantropia,house_rule,Neir,location,references
Teriantropia,house_rule,hjilaki,unknown,references
Teriantropia,house_rule,vampirismo,unknown,references
Teriantropia,house_rule,Iliar,deity_or_faction,references
Teriantropia,house_rule,Neir,location,references
Vampirismo,house_rule,Azkabel,location,references
Vampirismo,house_rule,wiloi,unknown,references
Vampirismo,house_rule,Dimensione della Materia,lore,references
Vampirismo,house_rule,Azkabel,location,references
Vampirismo,house_rule,Lanie,deity_or_faction,references
Vampirismo,house_rule,Notte Eterna,lore,references
Vampirismo,house_rule,hjilaki,unknown,references
Vampirismo,house_rule,Dominio delle Trame,location,references
Vampirismo,house_rule,Neir,location,references
Vampirismo,house_rule,vampiri,unknown,references
Vampirismo,house_rule,hjilaki,unknown,references
Vampirismo,house_rule,Neir,location,references
Vampirismo,house_rule,Armata dell'Apocalisse,unknown,references
Cavaliere di Kurash,subclass,Nebvarasa,unknown,references
Cavaliere di Kurash,subclass,Kurash,unknown,references
Cavaliere di Kurash,subclass,Fuoco Segreto,unknown,references
Cavaliere di Kurash,subclass,Kurash,unknown,references
Cavaliere di Kurash,subclass,Dimensione della Materia,lore,references
Cavaliere di Kurash,subclass,Dimensione dello Spirito,lore,references
Cavaliere di Kurash,subclass,Nebvarasa,unknown,references
Cavaliere di Kurash,subclass,Ducato di Òuin,unknown,references
Cavaliere di Öuin,subclass,Paladini,unknown,references
Cavaliere di Öuin,subclass,Maghi,unknown,references
Cavaliere di Öuin,subclass,Ranger,class,references
Cavaliere di Öuin,subclass,Chierici,unknown,references
Cavaliere di Öuin,subclass,Guerrieri,unknown,references
Cavaliere di Öuin,subclass,Ducato di Ōuin,unknown,references
Cavaliere di Öuin,subclass,Pianure di Xanesh,location,references
Cavaliere di Öuin,subclass,Cavaliere Pesante,unknown,references
Cavaliere di Öuin,subclass,Cavaliere di Kurash,subclass,references
Cavaliere di Öuin,subclass,Cavaliere dei Passi,unknown,references
Cavaliere di Öuin,subclass,Cavaliere Ospedaliere,subclass,references
Cavaliere di Öuin,subclass,Cavaliere Predestinato,unknown,references
SottoClassi,subclass,Notte Eterna,lore,references
SottoClassi,subclass,Neir,location,references
SottoClassi,subclass,Cavaliere di Kurash,subclass,references
SottoClassi,subclass,Wizard,class,references
SottoClassi,subclass,Kurash,unknown,references
SottoClassi,subclass,Cavaliere Ospedaliere,subclass,references
SottoClassi,subclass,Chierico,unknown,references
SottoClassi,subclass,Fadranstaff,deity_or_faction,references
SottoClassi,subclass,Cavaliere dei Passi,unknown,references
SottoClassi,subclass,Ranger,class,references
SottoClassi,subclass,Cavaliere Pesante,unknown,references
SottoClassi,subclass,Warrior,class,references
SottoClassi,subclass,Cavaliere Predestinato,unknown,references
SottoClassi,subclass,Paladino,unknown,references
SottoClassi,subclass,Laon,deity_or_faction,references
SottoClassi,subclass,Criomante,unknown,references
SottoClassi,subclass,Chierico,unknown,references
SottoClassi,subclass,Unthamarand,deity_or_faction,references
SottoClassi,subclass,Custode dei Segreti,enemy,references
SottoClassi,subclass,Druid,class,references
SottoClassi,subclass,Circolo dei Segreti,unknown,references
SottoClassi,subclass,Fuoco Segreto,unknown,references
SottoClassi,subclass,Danse Macabre,unknown,references
SottoClassi,subclass,Bard,class,references
SottoClassi,subclass,Elementalista,unknown,references
SottoClassi,subclass,Sourcerer,class,references
SottoClassi,subclass,Guardiano Nanico,unknown,references
SottoClassi,subclass,Ranger,class,references
SottoClassi,subclass,nani,unknown,references
SottoClassi,subclass,Lama di Dor,unknown,references
SottoClassi,subclass,Ranger,class,references
SottoClassi,subclass,elfi,unknown,references
SottoClassi,subclass,Legionario Xaan,unknown,references
SottoClassi,subclass,Warrior,class,references
SottoClassi,subclass,Lupo del Nord,unknown,references
SottoClassi,subclass,Barbaro,unknown,references
SottoClassi,subclass,Valli dei Giganti,location,references
SottoClassi,subclass,Maestro delle Meraviglie,unknown,references
SottoClassi,subclass,Wizard,class,references
SottoClassi,subclass,Oscuro Adepto,unknown,references
SottoClassi,subclass,Chierico,unknown,references
SottoClassi,subclass,Tenebris,deity_or_faction,references
SottoClassi,subclass,Prescelto dalle Tenebre,unknown,references
SottoClassi,subclass,Monaco,unknown,references
SottoClassi,subclass,Spiritualista,unknown,references
SottoClassi,subclass,Warlock,class,references
SottoClassi,subclass,Tombarolo,unknown,references
SottoClassi,subclass,Ladro,unknown,references
SottoClassi,subclass,Triste Mietitore,unknown,references
SottoClassi,subclass,paladino,unknown,references
SottoClassi,subclass,Krea,deity_or_faction,references
SottoClassi,subclass,Veggente dell'Ultimo Giorno,unknown,references
SottoClassi,subclass,Ranger,class,references
SottoClassi,subclass,Doomkhan,deity_or_faction,references
Abile Inganno,ability,Grazia,domain,references
Abile Inganno,ability,Abilità,unknown,references
Abile Inganno,ability,Speranza,unknown,references
Abile Inganno,ability,vantaggio,unknown,references
Abile Inganno,ability,tiro per ingannare,unknown,references
Abile Inganno,ability,tiro per ingraziarti,unknown,references
Appoggiati,ability,Valore,domain,references
Appoggiati,ability,Abilità,unknown,references
Appoggiati,ability,riposo breve,unknown,references
Appoggiati,ability,tiro d'azione,unknown,references
Appoggiati,ability,Stress,unknown,references
Approccio Strategico,ability,Ossa,domain,references
Approccio Strategico,ability,Abilità,unknown,references
Approccio Strategico,ability,riposo lungo,unknown,references
Approccio Strategico,ability,token,unknown,references
Approccio Strategico,ability,Conoscenza,unknown,references
Approccio Strategico,ability,portata Vicina,unknown,references
Approccio Strategico,ability,attacco,unknown,references
Approccio Strategico,ability,token,unknown,references
Approccio Strategico,ability,attacco,unknown,references
Approccio Strategico,ability,vantaggio,unknown,references
Approccio Strategico,ability,Stress,unknown,references
Approccio Strategico,ability,portata di mischia,unknown,references
Approccio Strategico,ability,D8,unknown,references
Approccio Strategico,ability,tiro di danni,unknown,references
Approccio Strategico,ability,riposo lungo,unknown,references
Approccio Strategico,ability,token,unknown,references
Armatura Fortificata,ability,Lama,domain,references
Armatura Fortificata,ability,Abilità,unknown,references
Armatura Fortificata,ability,armatura,unknown,references
Armatura Fortificata,ability,soglie di danno,unknown,references
Armatura Infrangibile,ability,Valore,domain,references
Armatura Infrangibile,ability,Abilità,unknown,references
Armatura Infrangibile,ability,Fessura dell'Armatura,unknown,references
Armatura Infrangibile,ability,D6,unknown,references
Armatura Infrangibile,ability,Proficiency,unknown,references
Armatura Infrangibile,ability,gravità,unknown,references
Armatura Infrangibile,ability,Fessura dell'Armatura,unknown,references
Assalto,ability,Lama,domain,references
Assalto,ability,Abilità,unknown,references
Assalto,ability,successo,unknown,references
Assalto,ability,attacco,unknown,references
Assalto,ability,soglia di danno maggiore,unknown,references
Assalto,ability,Ferita,unknown,references
Assalto,ability,attacco,unknown,references
Assalto,ability,Stress,unknown,references
Assalto,ability,Tiro di Reazione,unknown,references
Assalto,ability,fallimento,unknown,references
Assalto,ability,Ferita,unknown,references
Attraverso i Tuoi Occhi,ability,Grazia,domain,references
Attraverso i Tuoi Occhi,ability,Magia,unknown,references
Attraverso i Tuoi Occhi,ability,portata molto lontana,unknown,references
Attraverso i Tuoi Occhi,ability,riposo,unknown,references
Audace,ability,Lama,domain,references
Audace,ability,Abilità,unknown,references
Audace,ability,Stress,unknown,references
Audace,ability,vantaggio,unknown,references
Audace,ability,attacco,unknown,references
Aura Confondente,ability,Arcana,domain,references
Aura Confondente,ability,Magia,unknown,references
Aura Confondente,ability,Spellcast Roll,unknown,references
Aura Confondente,ability,riposo lungo,unknown,references
Aura Confondente,ability,successo,unknown,references
Aura Confondente,ability,Stress,unknown,references
Aura Confondente,ability,attacco,unknown,references
Aura Confondente,ability,D6,unknown,references
Aura Confondente,ability,attacco,unknown,references
Aura Sovrastante,ability,Splendore,domain,references
Aura Sovrastante,ability,Magia,unknown,references
Aura Sovrastante,ability,Spellcast Roll,unknown,references
Aura Sovrastante,ability,Speranza,unknown,references
Aura Sovrastante,ability,Presenza,unknown,references
Aura Sovrastante,ability,Spellcast Trait,unknown,references
Aura Sovrastante,ability,riposo lungo,unknown,references
Aura Sovrastante,ability,Stress,unknown,references
Barriera di Rigenerazione,ability,Saggio,domain,references
Barriera di Rigenerazione,ability,Magia,unknown,references
Barriera di Rigenerazione,ability,Spellcast Roll,unknown,references
Barriera di Rigenerazione,ability,riposo,unknown,references
Barriera di Rigenerazione,ability,successo,unknown,references
Barriera di Rigenerazione,ability,Range Molto Vicino,unknown,references
Barriera di Rigenerazione,ability,D4,unknown,references
Barriera di Rigenerazione,ability,Ferita,unknown,references
Barriera di Rigenerazione,ability,danni fisici,unknown,references
Cacciare,ability,Codice,domain,references
Cacciare,ability,Magia,unknown,references
Cacciare,ability,Spellcast Roll,unknown,references
Cacciare,ability,Close Range,unknown,references
Cacciare,ability,D20,unknown,references
Cacciare,ability,Spellcast Trait,unknown,references
Cacciare,ability,tiro di reazione,unknown,references
Cacciare,ability,Difficoltà,unknown,references
Cacciare,ability,Stress,unknown,references
Cacciare,ability,riposo,unknown,references
Cacciare,ability,Paura,unknown,references
Cacciare,ability,Difficoltà,unknown,references
Cacciare,ability,tiro di reazione,unknown,references
Cacciatore d'Ombre,ability,mezzanotte,unknown,references
Cacciatore d'Ombre,ability,della,unknown,references
Cacciatore d'Ombre,ability,Abilità,unknown,references
Cacciatore d'Ombre,ability,poca luce,unknown,references
Cacciatore d'Ombre,ability,oscurità,unknown,references
Cacciatore d'Ombre,ability,Evasione,unknown,references
Cacciatore d'Ombre,ability,attacco,unknown,references
Cacciatore d'Ombre,ability,vantaggio,unknown,references
Camminatore di Fessura,ability,Arcana,domain,references
Camminatore di Fessura,ability,Magia,unknown,references
Camminatore di Fessura,ability,Spellcast Roll,unknown,references
Cammino sulle Pareti,ability,Arcana,domain,references
Cammino sulle Pareti,ability,Magia,unknown,references
Cammino sulle Pareti,ability,Speranza,unknown,references
Campo di Guarigione,ability,Saggio,domain,references
Campo di Guarigione,ability,Magia,unknown,references
Campo di Guarigione,ability,riposo lungo,unknown,references
Campo di Guarigione,ability,Close Range,unknown,references
Campo di Guarigione,ability,Ferita,unknown,references
Campo di Guarigione,ability,speranza,unknown,references
Campo di Guarigione,ability,Ferita,unknown,references
Carica di Incantesimo,ability,Mezzanotte,unknown,references
Carica di Incantesimo,ability,Magia,unknown,references
Carica di Incantesimo,ability,danni magici,unknown,references
Carica di Incantesimo,ability,token,unknown,references
Carica di Incantesimo,ability,Ferita,unknown,references
Carica di Incantesimo,ability,token,unknown,references
Carica di Incantesimo,ability,Spellcast Trait,unknown,references
Carica di Incantesimo,ability,token,unknown,references
Carica di Incantesimo,ability,D6,unknown,references
Carica di Incantesimo,ability,token,unknown,references
Carica di Incantesimo,ability,tiro di danni,unknown,references
Carisma Infinito,ability,Grazia,domain,references
Carisma Infinito,ability,Abilità,unknown,references
Carisma Infinito,ability,tiro d'azione,unknown,references
Carisma Infinito,ability,Speranza,unknown,references
Carisma Infinito,ability,Speranza,unknown,references
Carisma Infinito,ability,Paura,unknown,references
Catena di Fulmini,ability,Arcana,domain,references
Catena di Fulmini,ability,Magia,unknown,references
Catena di Fulmini,ability,Spellcast Roll,unknown,references
Catena di Fulmini,ability,Stress,unknown,references
Catena di Fulmini,ability,Close Range,unknown,references
Catena di Fulmini,ability,Tiro di Reazione,unknown,references
Catena di Fulmini,ability,Difficoltà,unknown,references
Catena di Fulmini,ability,Spellcast Roll,unknown,references
Catena di Fulmini,ability,D8,unknown,references
Catena di Fulmini,ability,danni magici,unknown,references
Catena di Fulmini,ability,Close Range,unknown,references
Catena di Fulmini,ability,tiro di reazione,unknown,references
Catena di Fulmini,ability,D8,unknown,references
Catena di Fulmini,ability,danni magici,unknown,references
Catena di Fulmini,ability,Range,unknown,references
Cieli che Cadono,ability,Arcana,domain,references
Cieli che Cadono,ability,Magia,unknown,references
Cieli che Cadono,ability,Spellcast Roll,unknown,references
Cieli che Cadono,ability,Long Range,unknown,references
Cieli che Cadono,ability,Stress,unknown,references
Cieli che Cadono,ability,D20,unknown,references
Cieli che Cadono,ability,Stress,unknown,references
Colpire al Suolo,ability,Valore,domain,references
Colpire al Suolo,ability,Abilità,unknown,references
Colpire al Suolo,ability,Speranza,unknown,references
Colpire al Suolo,ability,Forza,unknown,references
Colpire al Suolo,ability,Close Range,unknown,references
Colpire al Suolo,ability,Long Range,unknown,references
Colpire al Suolo,ability,Tiro di Reazione,unknown,references
Colpire al Suolo,ability,D10,unknown,references
Colpito dalla Lama,ability,Lama,domain,references
Colpito dalla Lama,ability,Abilità,unknown,references
Colpito dalla Lama,ability,Lama,domain,references
Colpito dalla Lama,ability,tiri d'attacco,unknown,references
Colpito dalla Lama,ability,soglia di danni severo,unknown,references
Colpo del Mietitore,ability,Lama,domain,references
Colpo del Mietitore,ability,Abilità,unknown,references
Colpo del Mietitore,ability,riposo lungo,unknown,references
Colpo del Mietitore,ability,Speranza,unknown,references
Colpo del Mietitore,ability,tiro d'attacco,unknown,references
Colpo del Mietitore,ability,range,unknown,references
Colpo del Mietitore,ability,Ferita,unknown,references
Colpo di Frantumazione,ability,Ossa,domain,references
Colpo di Frantumazione,ability,Abilità,unknown,references
Colpo di Frantumazione,ability,Speranza,unknown,references
Colpo di Frantumazione,ability,attacco,unknown,references
Colpo di Frantumazione,ability,range,unknown,references
Colpo di Frantumazione,ability,riposo breve,unknown,references
Colpo di Frantumazione,ability,successo,unknown,references
Colpo di Frantumazione,ability,tiro di danni,unknown,references
Colpo di Rottura,ability,Ossa,domain,references
Colpo di Rottura,ability,Abilità,unknown,references
Colpo di Rottura,ability,Stress,unknown,references
Colpo di Rottura,ability,attacco,unknown,references
Colpo di Rottura,ability,D12,unknown,references
Colpo di Sfioramento,ability,Lama,domain,references
Colpo di Sfioramento,ability,Abilità,unknown,references
Colpo di Sfioramento,ability,attacco,unknown,references
Colpo di Sfioramento,ability,Stress,unknown,references
Colpo di Sfioramento,ability,Proficiency,unknown,references
Colpo Guaritore,ability,Splendore,domain,references
Colpo Guaritore,ability,Magia,unknown,references
Colpo Guaritore,ability,Speranza,unknown,references
Colpo Guaritore,ability,Ferita,unknown,references
Colpo Guaritore,ability,Close Range,unknown,references
Colpo Risonante,ability,Valore,domain,references
Colpo Risonante,ability,Abilità,unknown,references
Colpo Risonante,ability,riposo,unknown,references
Colpo Risonante,ability,critico,unknown,references
Colpo Risonante,ability,D4,unknown,references
Colpo,ability,Splendore,domain,references
Colpo,ability,Magia,unknown,references
Colpo,ability,Speranza,unknown,references
Colpo,ability,tiro di danni,unknown,references
Colpo,ability,danni magici,unknown,references
Combattente Versatile,ability,Lama,domain,references
Combattente Versatile,ability,Abilità,unknown,references
Combattente Versatile,ability,caratteristica,unknown,references
Combattente Versatile,ability,stress,unknown,references
Concentrazione Letale,ability,Lama,domain,references
Concentrazione Letale,ability,della,unknown,references
Condividi il Carico,ability,Grazia,domain,references
Condividi il Carico,ability,Magia,unknown,references
Conosci il tuo nemico,ability,Ossa,domain,references
Conosci il tuo nemico,ability,Abilità,unknown,references
ControIncantesimo,ability,Arcana,domain,references
ControIncantesimo,ability,Magia,unknown,references
Controllare,ability,Ossa,domain,references
Controllare,ability,Abilità,unknown,references
Corazza,ability,Valore,domain,references
Corsa verso la Morte,ability,Ossa,domain,references
Corsa verso la Morte,ability,Abilità,unknown,references
Custode delle Rune,ability,Arcana,domain,references
Custode delle Rune,ability,Magia,unknown,references
Discorso Rassicurante,ability,Grazia,domain,references
Discorso Rassicurante,ability,Abilità,unknown,references
Distruttore di Corpi,ability,Valore,domain,references
Distruttore di Corpi,ability,Abilità,unknown,references
Divinazione,ability,Splendore,domain,references
Divinazione,ability,Incantesimo,unknown,references
Dominio Vegetale,ability,Saggio,domain,references
Dominio Vegetale,ability,del,unknown,references
Eclissi,ability,Mezzanotte,unknown,references
Eclissi,ability,della,unknown,references
Entusiasmo di Massa,ability,Grazia,domain,references
Entusiasmo di Massa,ability,Magia,unknown,references
Equidi Evocati,ability,Saggio,domain,references
Equidi Evocati,ability,del,unknown,references
Esperto di Furtività,ability,Mezzanotte,unknown,references
Esperto di Furtività,ability,Abilità,unknown,references
Esplosione Ammantata,ability,Arcana,domain,references
Esplosione Ammantata,ability,Incantesimo,unknown,references
Esplosione di Conservazione,ability,Arcana,domain,references
Esplosione di Conservazione,ability,Magia,unknown,references
Estasi,ability,Grazia,domain,references
Estasi,ability,Magia,unknown,references
Evoca Sciame,ability,Saggio,domain,references
Evoca Sciame,ability,del,unknown,references
Famiglio della Natura,ability,Saggio,domain,references
Famiglio della Natura,ability,del,unknown,references
Famoso,ability,Grazia,domain,references
Ferocia,ability,Ossa,domain,references
Ferocia,ability,Abilità,unknown,references
Forma Materiale,ability,Splendore,domain,references
Forma Materiale,ability,Incantesimo,unknown,references
Fortezza Selvaggia,ability,Saggio,domain,references
Fortezza Selvaggia,ability,del,unknown,references
Forza della Natura,ability,Saggio,domain,references
Forza della Natura,ability,del,unknown,references
Frenesia,ability,Lama,domain,references
Frenesia,ability,Abilità,unknown,references
Furia Crescente,ability,Lama,domain,references
Furia Crescente,ability,della,unknown,references
Fusto Maestoso,ability,Saggio,domain,references
Fusto Maestoso,ability,del,unknown,references
Glifo dell'Oscurità,ability,Mezzanotte,unknown,references
Glifo dell'Oscurità,ability,Magia,unknown,references
Grido di Battaglia,ability,Lama,domain,references
Grido di Battaglia,ability,Abilità,unknown,references
Guida con l'Esempio,ability,Valore,domain,references
Guida con l'Esempio,ability,Abilità,unknown,references
Imitatore,ability,Grazia,domain,references
Impulso Selvaggio,ability,Saggio,domain,references
Impulso Selvaggio,ability,del,unknown,references
Inevitabile,ability,Valore,domain,references
Inevitabile,ability,Abilità,unknown,references
Infrangibile,ability,Valore,domain,references
Infrangibile,ability,Abilità,unknown,references
Intoccabile,ability,Ossa,domain,references
Intoccabile,ability,Abilità,unknown,references
Intrico Violento,ability,Saggio,domain,references
Intrico Violento,ability,del,unknown,references
Invisibilità,ability,Grazia,domain,references
Invisibilità,ability,Magia,unknown,references
Ispirazione Critica,ability,Valore,domain,references
Ispirazione Critica,ability,Abilità,unknown,references
Legame dell'Ombra,ability,Mezzanotte,unknown,references
Legame dell'Ombra,ability,Incantesimo,unknown,references
Legame di un Soldato,ability,Lama,domain,references
Legame di un Soldato,ability,Abilità,unknown,references
Libera il Caos,ability,Arcana,domain,references
Libera il Caos,ability,Magia,unknown,references
Libro di Ava,ability,Codice,domain,references
Libro di Ava,ability,Grimorio,unknown,references
Libro di Exota,ability,Codice,domain,references
Libro di Exota,ability,Grimorio,unknown,references
Libro di Grynn,ability,Codice,domain,references
Libro di Grynn,ability,Grimorio,unknown,references
Libro di Homet,ability,Codice,domain,references
Libro di Homet,ability,Grimorio,unknown,references
Libro di Illiat,ability,Codice,domain,references
Libro di Illiat,ability,Grimorio,unknown,references
Libro di Korvax,ability,Codice,domain,references
Libro di Korvax,ability,Grimorio,unknown,references
Libro di Norai,ability,Codice,domain,references
Libro di Norai,ability,Grimorio,unknown,references
Libro di Ronin,ability,Codice,domain,references
Libro di Ronin,ability,Grimorio,unknown,references
Libro di Sitil,ability,Codice,domain,references
Libro di Sitil,ability,Grimorio,unknown,references
Libro di Tyfar,ability,Codice,domain,references
Libro di Tyfar,ability,Grimorio,unknown,references
Libro di Vagras,ability,Codice,domain,references
Libro di Vagras,ability,Grimorio,unknown,references
Libro di Vyola,ability,Codice,domain,references
Libro di Vyola,ability,Grimorio,unknown,references
Libro di Yarrow,ability,Codice,domain,references
Libro di Yarrow,ability,Grimorio,unknown,references
Lingua della Natura,ability,Saggio,domain,references
Lingua della Natura,ability,del,unknown,references
Maestro dell'Arte,ability,Grazia,domain,references
Maestro dell'Arte,ability,Abilità,unknown,references
Mai Sopraffatto,ability,Grazia,domain,references
Mai Sopraffatto,ability,Abilità,unknown,references
Mani Curatrici,ability,Splendore,domain,references
Mani Curatrici,ability,Incantesimo,unknown,references
Manovre Agili,ability,Ossa,domain,references
Manovre Agili,ability,delle,unknown,references
Mischia,ability,Lama,domain,references
Mischia,ability,Abilità,unknown,references
Morsa Mortale,ability,Saggio,domain,references
Morsa Mortale,ability,del,unknown,references
Mossa Caratteristica,ability,Ossa,domain,references
Mossa Caratteristica,ability,Abilità,unknown,references
Mostro da Battaglia,ability,Lama,domain,references
Mostro da Battaglia,ability,Abilità,unknown,references
Muro Manifesto,ability,Codice,domain,references
Muro Manifesto,ability,Incantesimo,unknown,references
Non Abbastanza Buono,ability,Lama,domain,references
Non Dire Mai Bugie,ability,Grazia,domain,references
Non Dire Mai Bugie,ability,Magia,unknown,references
Occhio Fluttuante,ability,Arcana,domain,references
Occhio Fluttuante,ability,Magia,unknown,references
Onda di Disintegrazione,ability,Codice,domain,references
Onda di Disintegrazione,ability,Spell,unknown,references
Ossa e Pelle,ability,Valore,domain,references
Parole d'Ispirazione,ability,Grazia,domain,references
Parole d'Ispirazione,ability,Abilità,unknown,references
Parole di Discordia,ability,Grazia,domain,references
Parole di Discordia,ability,della,unknown,references
Passo Rapido,ability,Ossa,domain,references
Passo Rapido,ability,Abilità,unknown,references
Pelle di Spine,ability,Saggio,domain,references
Pelle di Spine,ability,del,unknown,references
PiantaGrane,ability,Grazia,domain,references
Piena Ondata,ability,Valore,domain,references
Piena Ondata,ability,Abilità,unknown,references
Pioggia di Lame,ability,Mezzanotte,unknown,references
Pioggia di Lame,ability,della,unknown,references
Potenziamento,ability,Ossa,domain,references
Potenziamento,ability,Abilità,unknown,references
Precisione Crudele,ability,Ossa,domain,references
Precisione Crudele,ability,Abilità,unknown,references
Premonizione,ability,Arcana,domain,references
Premonizione,ability,Magia,unknown,references
Prendi e Tira,ability,mezzanotte,unknown,references
Prendi e Tira,ability,della,unknown,references
Presa alla Gola,ability,Mezzanotte,unknown,references
Presa alla Gola,ability,Abilità,unknown,references
Presa Cinerea,ability,Arcana,domain,references
Presa Cinerea,ability,Magia,unknown,references
Presenza Audace,ability,Valore,domain,references
Presenza Audace,ability,Abilità,unknown,references
Proiettile Corrosivo,ability,Saggio,domain,references
Proiettile Corrosivo,ability,del,unknown,references
Proiettile di Luce,ability,Splendore,domain,references
Proiettile di Luce,ability,Incantesimo,unknown,references
Proiezione Astrale,ability,Grazia,domain,references
Proiezione Astrale,ability,Magia,unknown,references
Proiezione Sensoriale,ability,Arcana,domain,references
Proiezione Sensoriale,ability,Magia,unknown,references
Provocazione,ability,Valore,domain,references
Provocazione,ability,Abilità,unknown,references
Raccoglitore,ability,Saggio,domain,references
Raccoglitore,ability,del,unknown,references
Rafforzamento,ability,Ossa,domain,references
Rafforzamento,ability,Abilità,unknown,references
Rafforzato in Battaglia,ability,Lama,domain,references
Rafforzato in Battaglia,ability,Abilità,unknown,references
Raggio Salvifico,ability,Splendore,domain,references
Raggio Salvifico,ability,Incantesimo,unknown,references
Rassicurazione,ability,Splendore,domain,references
Rassicurazione,ability,Abilità,unknown,references
Recupero,ability,Ossa,domain,references
Recupero,ability,Abilità,unknown,references
Rialzati,ability,Lama,domain,references
Rialzati,ability,Abilità,unknown,references
Ridirezione,ability,Ossa,domain,references
Ridirezione,ability,Abilità,unknown,references
Riflesso Arcano,ability,Arcana,domain,references
Riflesso Arcano,ability,Magia,unknown,references
Rifugio Sicuro,ability,Codice,domain,references
Rifugio Sicuro,ability,Spell,unknown,references
Rinvigorimento,ability,Splendore,domain,references
Rinvigorimento,ability,Incantesimo,unknown,references
Ripetizione,ability,Grazia,domain,references
Ripetizione,ability,Magia,unknown,references
Risorgi,ability,Valore,domain,references
Risorgi,ability,Abilità,unknown,references
Risposta Rapida,ability,Ossa,domain,references
Risposta Rapida,ability,Abilità,unknown,references
Ristoro,ability,Splendore,domain,references
Ristoro,ability,Incantesimo,unknown,references
Risurrezione,ability,Splendore,domain,references
Risurrezione,ability,Incantesimo,unknown,references
Ritirata Fantasma,ability,Mezzanotte,unknown,references
Ritirata Fantasma,ability,della,unknown,references
Sangue e Gloria,ability,Lama,domain,references
Sangue e Gloria,ability,Abilità,unknown,references
Santuario della Selva,ability,Saggio,domain,references
Santuario della Selva,ability,Abilità,unknown,references
Santuario della Selva,ability,Saggio,domain,references
Santuario della Selva,ability,Saggio,domain,references
Scavatore di Pensieri,ability,Grazia,domain,references
Scavatore di Pensieri,ability,Magia,unknown,references
Schivata Elusiva,ability,Mezzanotte,unknown,references
Schivata Elusiva,ability,Magia,unknown,references
Scudo d'Aura,ability,Splendore,domain,references
Scudo d'Aura,ability,Incantesimo,unknown,references
Scudo di Supporto,ability,Valore,domain,references
Scudo di Supporto,ability,Abilità,unknown,references
Scuotiti,ability,Valore,domain,references
Scuotiti,ability,Abilità,unknown,references
Secondo Respiro,ability,Splendore,domain,references
Secondo Respiro,ability,Abilità,unknown,references
Sigillo di Ritorsione,ability,Codice,domain,references
Sigillo di Ritorsione,ability,Incantesimo,unknown,references
Silenzio,ability,Mezzanotte,unknown,references
Silenzio,ability,della,unknown,references
Silenzio,ability,Silenzio,ability,references
Sono Il Tuo Scudo,ability,Valore,domain,references
Sono Il Tuo Scudo,ability,Abilità,unknown,references
Sparizione,ability,Arcana,domain,references
Sparizione,ability,Magia,unknown,references
Spettro del Buio,ability,Mezzanotte,unknown,references
Spettro del Buio,ability,Magia,unknown,references
Spinta Forzata,ability,Valore,domain,references
Spinta Forzata,ability,Abilità,unknown,references
Spiritelli della Foresta,ability,Saggio,domain,references
Spiritelli della Foresta,ability,del,unknown,references
Spirito di Mezzanotte,ability,Mezzanotte,unknown,references
Spirito di Mezzanotte,ability,Magia,unknown,references
Splendida Luce Solare,ability,Splendore,domain,references
Splendida Luce Solare,ability,Magia,unknown,references
Sul Limite,ability,Ossa,domain,references
Sul Limite,ability,Abilità,unknown,references
Sussurri Oscuri,ability,Mezzanotte,unknown,references
Sussurri Oscuri,ability,Magia,unknown,references
Tassa del Crepuscolo,ability,MezzaNotte,domain,references
Tattico,ability,Ossa,domain,references
Tattico,ability,Abilità,unknown,references
Telecinesi,ability,Arcana,domain,references
Telecinesi,ability,Magia,unknown,references
Teletrasporto,ability,Codice,domain,references
Teletrasporto,ability,Spell,unknown,references
Tempesta,ability,Saggio,domain,references
Tempesta,ability,del,unknown,references
Terremoto,ability,Arcana,domain,references
Terremoto,ability,Magia,unknown,references
Terrore della Notte,ability,Mezzanotte,unknown,references
Terrore della Notte,ability,Magia,unknown,references
Tieni la Linea,ability,Valore,domain,references
Tieni la Linea,ability,Abilità,unknown,references
Toccando l'Osso,ability,Ossa,domain,references
Toccando l'Osso,ability,Abilità,unknown,references
Toccato dal Codice,ability,Codice,domain,references
Toccato dal Codice,ability,del,unknown,references
Toccato dal Valore,ability,Valore,domain,references
Toccato dal Valore,ability,Abilità,unknown,references
Toccato dall'Arcano,ability,Arcana,domain,references
Toccato dall'Arcano,ability,Abilità,unknown,references
Toccato dalla Mezzanotte,ability,Mezzanotte,unknown,references
Toccato dalla Mezzanotte,ability,della,unknown,references
Toccato dalla Mezzanotte,ability,Mezzanotte,unknown,references
Tocco del Saggio,ability,Saggio,domain,references
Tocco del Saggio,ability,del,unknown,references
Tocco della Grazia,ability,Grazia,domain,references
Tocco della Grazia,ability,Abilità,unknown,references
Tocco dello Splendore,ability,Splendore,domain,references
Tocco dello Splendore,ability,Abilità,unknown,references
Tocco Riparatore,ability,Splendore,domain,references
Tocco Riparatore,ability,Incantesimo,unknown,references
Tracciatore Dotato,ability,Saggio,domain,references
Tracciatore Dotato,ability,del,unknown,references
Travestimento di Massa,ability,Mezzanotte,unknown,references
Travestimento di Massa,ability,Spell,unknown,references
Travestimento Misterioso,ability,Mezzanotte,unknown,references
Travestimento Misterioso,ability,Incantesimo,unknown,references
Ultime Parole,ability,Splendore,domain,references
Ultime Parole,ability,Incantesimo,unknown,references
Unione Trascendente,ability,Codice,domain,references
Unione Trascendente,ability,Spell,unknown,references
Vantaggio del Campione,ability,Lama,domain,references
Vantaggio del Campione,ability,della,unknown,references
Vedo Che Arriva,ability,Ossa,domain,references
Vedo Che Arriva,ability,Abilità,unknown,references
Velo Ipnotico,ability,Grazia,domain,references
Velo Ipnotico,ability,Magia,unknown,references
Velo Notturno,ability,Mezzanotte,unknown,references
Velo Notturno,ability,Magia,unknown,references
Vita Protetta,ability,Splendore,domain,references
Vita Protetta,ability,Incantesimo,unknown,references
Vitalità,ability,Lama,domain,references
Vitalità,ability,Abilità,unknown,references
Voce della Ragione,ability,Splendore,domain,references
Voce della Ragione,ability,Abilità,unknown,references
Volo,ability,Arcana,domain,references
Volo,ability,Magia,unknown,references
Vortice,ability,Lama,domain,references
Vortice,ability,Abilità,unknown,references
Zona di Protezione,ability,Splendore,domain,references
Zona di Protezione,ability,Magia,unknown,references
Clank,ancestry,clank_pic.png,unknown,references
Drakona,ancestry,drakona_pic.png,unknown,references
Elfi,ancestry,elfi_pic.png,unknown,references
Faerie,ancestry,faerie_pic.png,unknown,references
Fauni,ancestry,fauno_pic.png,unknown,references
Firbolg,ancestry,firbolg_pic.png,unknown,references
Fungril,ancestry,fungril_pic.png,unknown,references
Galapa,ancestry,galapa_pic.png,unknown,references
Giganti,ancestry,giganti_pic.png,unknown,references
Goblin,ancestry,goblin_pic.png,unknown,references
Halfling,ancestry,halfling_pic.png,unknown,references
Infernis,ancestry,infernis_pic.png,unknown,references
Karevi,ancestry,karevi_pic.png,unknown,references
Katari,ancestry,katari_pic.png,unknown,references
Klorss,ancestry,klorss_pic.png,unknown,references
Nani,ancestry,nani_pic.png,unknown,references
Nuno,ancestry,nuno_pic.png,unknown,references
Orchi,ancestry,orchi_pic.png,unknown,references
Ribbet,ancestry,ribbet_pic.png,unknown,references
Simiah,ancestry,simiah_pic.png,unknown,references
Umani,ancestry,umani_pic.png,unknown,references
Urakian,ancestry,urakian_pic.png,unknown,references
Wiloi,ancestry,wiloi_pic.png,unknown,references
Bard,class,Grazia,domain,references
Bard,class,Codice,domain,references
Bard,class,Trovatore,unknown,references
Bard,class,Paroliere,unknown,references
Druid,class,Agile Scout,beast_form,references
Druid,class,Household Friend,beast_form,references
Druid,class,Nimble Grazer,beast_form,references
Druid,class,Pack Predator,beast_form,references
Druid,class,Aquatic Scout,beast_form,references
Druid,class,Stalking Arachnid,beast_form,references
Druid,class,Armored Sentry,beast_form,references
Druid,class,Powerful Beast,beast_form,references
Druid,class,Mighty Strider,beast_form,references
Druid,class,Striking Serpent,beast_form,references
Druid,class,Pouncing Predator,beast_form,references
Druid,class,Winged Beast,beast_form,references
Druid,class,Massive Behemoth,beast_form,references
Druid,class,Terrible Lizard,beast_form,references
Druid,class,Mythic Aerial Hunter,beast_form,references
Druid,class,Epic Aquatic Beast,beast_form,references
Druid,class,Mythic Beast,beast_form,references
Druid,class,[Mythic Hybrid,unknown,references
Wizard,class,Codice,domain,references
Wizard,class,Splendore,domain,references
Warlock,class,Grazia,domain,references
Warlock,class,Dread,unknown,references
Warlock,class,Scepter,weapon,references
Warlock,class,Leather Armor,armor,references
Warlock,class,Speranza,unknown,references
Warlock,class,Favore,unknown,references
Warlock,class,Pact of the Endless,unknown,references
Warlock,class,Pact of the Wrathful,unknown,references
Witch,class,Saggio,domain,references
Witch,class,Dread,unknown,references
Witch,class,Scepter,weapon,references
Witch,class,Leather Armor,armor,references
Witch,class,Speranza,unknown,references
Witch,class,Favore,unknown,references
Witch,class,Hedge,unknown,references
Witch,class,Moon,unknown,references
Agan,npc,agan_pic.png,unknown,references
Agan,npc,Namass'rya,npc,references
An'Rao IV,npc,an'rao_pic.png,unknown,references
An'Rao IV,npc,Impero delle Terre Nascoste,location,references
An'Rao IV,npc,karevi,unknown,references
An'Rao IV,npc,Garod,deity_or_faction,references
An'Rao IV,npc,Ziria,npc,references
An'Rao IV,npc,karevi,unknown,references
An'Rao IV,npc,Neir,location,references
An'Rao IV,npc,Garod,deity_or_faction,references
Annie Rose-Robe,npc,annie_rose_robe_pic.png,unknown,references
Annie Rose-Robe,npc,halfling,unknown,references
Annie Rose-Robe,npc,halfling,unknown,references
Annie Rose-Robe,npc,Milford,location,references
Annie Rose-Robe,npc,halfling,unknown,references
Annie Rose-Robe,npc,Darkflame,unknown,references
Annie Rose-Robe,npc,Milford,location,references
Annie Rose-Robe,npc,Aran,unknown,references
Annie Rose-Robe,npc,Tenebris,deity_or_faction,references
Annie Rose-Robe,npc,Pianure di Xanesh,location,references
Annie Rose-Robe,npc,Hulbert,npc,references
Axrul II De Vaars,npc,Pasted image 20260712154847.png,unknown,references
Axrul II De Vaars,npc,Gundazar,location,references
Axrul II De Vaars,npc,Desea,npc,references
Axrul II De Vaars,npc,Gundazar,location,references
Axrul II De Vaars,npc,Mendulia's Rock,location,references
Axrul II De Vaars,npc,Valli dei Giganti,location,references
Axrul II De Vaars,npc,Gundazar,location,references
Axrul II De Vaars,npc,Gundazar,location,references
Axrul II De Vaars,npc,Desea,npc,references
Axrul II De Vaars,npc,Desea,npc,references
Axrul II De Vaars,npc,Gundazar,location,references
Axrul II De Vaars,npc,Gundazar,location,references
Axrul II De Vaars,npc,Desea,npc,references
Bruin Ashcroft,npc,Pasted image 20260712155004.png,unknown,references
Bruin Ashcroft,npc,Baia di Redoro,location,references
Bruin Ashcroft,npc,Mendulia's Rock,location,references
Bruin Ashcroft,npc,Compagnia del Gonfalone Azzurro,unknown,references
Bruin Ashcroft,npc,Magocrazia di Nü,location,references
Bruin Ashcroft,npc,Impero delle Terre Nascoste,location,references
Bruin Ashcroft,npc,Petralta,location,references
Bruin Ashcroft,npc,Baia di Redoro,location,references
Bruin Ashcroft,npc,Dominio delle Trame,location,references
Bruin Ashcroft,npc,Ducato di Öuin,location,references
Buhragath,npc,Nuzagaal,deity_or_faction,references
Buhragath,npc,Valli dei Giganti,location,references
Desea,npc,Pasted image 20260712154736.png,unknown,references
Desea,npc,Forte Arundex,location,references
Desea,npc,Axrul II De Vaars,npc,references
Desea,npc,Axrul II De Vaars,npc,references
Doerun Eldobeth,npc,Pahr,location,references
Doerun Eldobeth,npc,Selva Infestata di Mysteria,location,references
Doerun Eldobeth,npc,klorss,unknown,references
Doerun Eldobeth,npc,Selva Infestata di Mysteria,location,references
Doerun Eldobeth,npc,Selva Infestata di Mysteria,location,references
Doerun Eldobeth,npc,Fadranstaff,deity_or_faction,references
Doerun Eldobeth,npc,Selva Infestata di Mysteria,location,references
Efneriom,npc,Gundazar,location,references
Efneriom,npc,Gundazar,location,references
Efneriom,npc,Neir,location,references
Efneriom,npc,Gundazar,location,references
Efneriom,npc,Gundazar,location,references
Efneriom,npc,Laon,deity_or_faction,references
Efneriom,npc,Gundazar,location,references
Efneriom,npc,Gundazar,location,references
Efneriom,npc,Desea,npc,references
Efneriom,npc,Neir,location,references
Fahrn,npc,Gundazar,location,references
Fahrn,npc,Aman'Raith,location,references
Fahrn,npc,Gundazar,location,references
Fahrn,npc,Aman'Raith,location,references
Hedd,npc,Mendulia's Rock,location,references
Hedd,npc,halfling,unknown,references
Hedd,npc,nani,unknown,references
Hedd,npc,Laon,deity_or_faction,references
Horus,npc,urakian,unknown,references
Horus,npc,Neir,location,references
Horus,npc,Cenere di Lanie,location,references
Horus,npc,urakian,unknown,references
Horus,npc,Neir,location,references
Horus,npc,Ducato di Öuin,location,references
Horus,npc,Distese Nuvolose di Aej'Nagrizzt,location,references
Horus,npc,urakian,unknown,references
Horus,npc,karevi,unknown,references
Horus,npc,urakian,unknown,references
Horus,npc,urakian,unknown,references
Horus,npc,Distese Nuvolose di Aej'Nagrizzt,location,references
Hulbert,npc,Tenebris,deity_or_faction,references
Korath,npc,Verde Foresta,location,references
Korath,npc,karevi,unknown,references
M'oraoork,npc,Pasted image 20260713162553.png,unknown,references
M'oraoork,npc,Garod,deity_or_faction,references
M'oraoork,npc,Gloriosa Ezakran,location,references
M'oraoork,npc,Garod,deity_or_faction,references
M'oraoork,npc,An'Rao IV,npc,references
M'oraoork,npc,Gloriosa Ezakran,location,references
M'oraoork,npc,Neir,location,references
M'oraoork,npc,Impero delle Terre Nascoste,location,references
Najestarr,npc,Pasted image 20260711022753.png,unknown,references
Najestarr,npc,wiloi,unknown,references
Najestarr,npc,Nelen Deseziath,npc,references
Namass'rya,npc,namass'rya_pic.png,unknown,references
Namass'rya,npc,Gundazar,location,references
Namass'rya,npc,klorss,unknown,references
Nelen Deseziath,npc,nelen_pic.png,unknown,references
Nelen Deseziath,npc,Azkabel,location,references
Nelen Deseziath,npc,Neir,location,references
Nelen Deseziath,npc,Lanie,deity_or_faction,references
Nelen Deseziath,npc,Neir,location,references
Nelen Deseziath,npc,wiloi,unknown,references
Nelen Deseziath,npc,Neir,location,references
Orgnornor,npc,Forte Arundex,location,references
Orgnornor,npc,Forte Arundex,location,references
Rakilia,npc,Oasi di Zey,location,references
Rakilia,npc,Oasi di Zey,location,references
Rakilia,npc,Cenere di Lanie,location,references
Rakilia,npc,urakian,unknown,references
Rakilia,npc,karevi,unknown,references
Rakilia,npc,karevi,unknown,references
Rakilia,npc,Manor,location,references
Rakilia,npc,urakian,unknown,references
Rakilia,npc,Città delle Trame,location,references
Rakilia,npc,urakian,unknown,references
Renetzia,npc,Karevi,ancestry,references
Renetzia,npc,karevi,unknown,references
Renetzia,npc,Petralta,location,references
Renetzia,npc,karevi,unknown,references
Renetzia,npc,Kkyrlamny,location,references
Rihko,npc,Verde Foresta,location,references
Sagister,npc,Oasi di Zey,location,references
Ziria,npc,An'Rao IV,npc,references
Ziria,npc,Garod,deity_or_faction,references
Ziria,npc,Garod,deity_or_faction,references
Ziria,npc,Ziria,npc,references
Ziria,npc,karevi,unknown,references
Ziria,npc,Garod,deity_or_faction,references
Ziria,npc,M'oraoork,npc,references
Ziria,npc,An'Rao IV,npc,references
Ziria,npc,Neir,location,references
Ziria,npc,An'Rao IV,npc,references
