source,target,relationship
Benvenuto,crea un collegamento,wiki_link
Home,PNG_A,wiki_link
Home,PNG_B,wiki_link
Home,Geografia,wiki_link
Home,Regole_di_Casa,wiki_link
Home,Transformations,wiki_link
Canzone di Nebvarasa,Nebvarasa,wiki_link
Meteore,Dimensione dello Spirito,wiki_link
Meteore,karevi,wiki_link
Meteore,Ali del Radioso Martirio,wiki_link
Meteore,Infallibile Cristallo del Fato,wiki_link
Meteore,Amuleto dell'investigatore,wiki_link
Meteore,La Senza Peso,wiki_link
Meteore,Anelli degli Elementi,wiki_link
Meteore,Kanptazu,wiki_link
Meteore,Balestre della Vita e della Morte,wiki_link
Meteore,K'idusi Seyifi Mak'at'eli,wiki_link
Meteore,Bastone della Misericordia,wiki_link
Meteore,Lacrime Celesti,wiki_link
Meteore,Bestia Sacra Eneli,wiki_link
Meteore,Lama del Sacro Ordine,wiki_link
Meteore,Binocolo della Preveggenza,wiki_link
Meteore,Lancia Angelica,wiki_link
Meteore,Bracciale delle Molte Forme,wiki_link
Meteore,Lanterna del Becchino,wiki_link
Meteore,Bracciale dell'Oltredove,wiki_link
Meteore,Lenti dell'Archivista,wiki_link
Meteore,Bracciale Sulfureo,wiki_link
Meteore,Malia dell'Infido Gatto,wiki_link
Meteore,Chevya' La Bestia,wiki_link
Meteore,Mano di Krea,wiki_link
Meteore,Collana del Distruttore,wiki_link
Meteore,Mantello dei Venti,wiki_link
Meteore,Collana del Mutaforma,wiki_link
Meteore,Mantello dell'inconsistenza,wiki_link
Meteore,Cormaglio,wiki_link
Meteore,Matna e la Scatola,wiki_link
Meteore,Cuore Divino,wiki_link
Meteore,Nindja,wiki_link
Meteore,Demone X,wiki_link
Meteore,Occhio del Demone,wiki_link
Meteore,Domatore di Bestie,wiki_link
Meteore,Oppressione Demoniaca,wiki_link
Meteore,Dozhdboli il Nero Flagello,wiki_link
Meteore,Orecchini della Selva,wiki_link
Meteore,Dustsceawung,wiki_link
Meteore,Osservatore Celeste,wiki_link
Meteore,Egida del Rogo,wiki_link
Meteore,Psy Bot,wiki_link
Meteore,Elmo del Fante Demoniaco,wiki_link
Meteore,Prima Lucis Advehens,wiki_link
Meteore,Elmo di Gwynplaine,wiki_link
Meteore,Putto,wiki_link
Meteore,Fante Demoniaco,wiki_link
Meteore,Sfida Celeste,wiki_link
Meteore,Foglia di Iliar,wiki_link
Meteore,Teschio del Traditore,wiki_link
Meteore,Frullatore (danneggiato),wiki_link
Meteore,Tibia di Jonuun,wiki_link
Meteore,Frusta Fiammeggiante,wiki_link
Meteore,Tridente del Mare Eterno,wiki_link
Meteore,Gemma del Mana Perpetuo,wiki_link
Meteore,Yolandi,wiki_link
Mondo di Neir,Neir,wiki_link
Mondo di Neir,Neir,wiki_link
Mondo di Neir,Larass'hra,wiki_link
Mondo di Neir,Neir,wiki_link
Mondo di Neir,Neir,wiki_link
Mondo di Neir,Nebvarasa,wiki_link
Mondo di Neir,Neir,wiki_link
Mondo di Neir,Hadaknaton,wiki_link
Mondo di Neir,wiloi,wiki_link
Mondo di Neir,Neir,wiki_link
Mondo di Neir,Nebvarasa,wiki_link
Mondo di Neir,Hadaknaton,wiki_link
Mondo di Neir,Nebvarasa,wiki_link
Mondo di Neir,Hadaknaton,wiki_link
Mondo di Neir,Loy'ach,wiki_link
Mondo di Neir,Najestarr,wiki_link
Mondo di Neir,Neir,wiki_link
Mondo di Neir,Rengaria,wiki_link
Mondo di Neir,Distese Nuvolose di Aej'Nagrizzt,wiki_link
Mondo di Neir,Tenebris,wiki_link
Mondo di Neir,Neir,wiki_link
Adraoos,adraoos_simbolo_pic.jpeg,wiki_link
Bakraag,_page_15_Picture_16.jpeg,wiki_link
Demien,Pasted image 20260710131707.png,wiki_link
Divinità,Laon,wiki_link
Divinità,Lanie,wiki_link
Divinità,Garod,wiki_link
Divinità,Neir,wiki_link
Divinità,Rengaria,wiki_link
Divinità,Rengaria,wiki_link
Divinità,Rengaria,wiki_link
Divinità,Rengaria,wiki_link
Divinità,Neir,wiki_link
Divinità,Adraoos,wiki_link
Divinità,Bakraag,wiki_link
Divinità,Demien,wiki_link
Divinità,Doomkhan,wiki_link
Divinità,Fadranstaff,wiki_link
Divinità,Garod,wiki_link
Divinità,Glumdrung,wiki_link
Divinità,Halthea,wiki_link
Divinità,Iliar,wiki_link
Divinità,Krea,wiki_link
Divinità,Lanie,wiki_link
Divinità,Nelen Deseziath,wiki_link
Divinità,Laon,wiki_link
Divinità,Lurtan,wiki_link
Divinità,Maskarr,wiki_link
Divinità,Nuzagaal,wiki_link
Divinità,Tenebris,wiki_link
Divinità,Unthamarand,wiki_link
Doomkhan,Pasted image 20260710131752.png,wiki_link
Fadranstaff,Pasted image 20260710131838.png,wiki_link
Garod,Pasted image 20260710131909.png,wiki_link
Glumdrung,Pasted image 20260710131952.png,wiki_link
Halthea,Pasted image 20260710132254.png,wiki_link
Iliar,Pasted image 20260710132353.png,wiki_link
Krea,Pasted image 20260710132429.png,wiki_link
Lanie,Pasted image 20260710132446.png,wiki_link
Lanie,Nelen Deseziath,wiki_link
Lanie,Nelen Deseziath,wiki_link
Lanie,Neir,wiki_link
Lanie,Nelen Deseziath,wiki_link
Laon,Pasted image 20260710132750.png,wiki_link
Lurtan,Pasted image 20260710132843.png,wiki_link
Maskarr,Pasted image 20260710132905.png,wiki_link
Nuzagaal,Pasted image 20260710132933.png,wiki_link
Tenebris,Pasted image 20260710132953.png,wiki_link
Unthamarand,Pasted image 20260710133019.png,wiki_link
Cenere di Lanie,cenere_di_lanie_pic.png,wiki_link
Cenere di Lanie,Urakian,wiki_link
Cenere di Lanie,Urakian,wiki_link
Cenere di Lanie,Urakian,wiki_link
Cenere di Lanie,Urakian,wiki_link
Cenere di Lanie,urakian,wiki_link
Cenere di Lanie,urakian,wiki_link
Cenere di Lanie,Cratere di Lava,wiki_link
Cenere di Lanie,Distese Nuvolose di Aej'Nagrizzt,wiki_link
Cenere di Lanie,Placido Specchio di Ghyd,wiki_link
Dominio delle Trame,dominio_delle_trame_pic.png,wiki_link
Dominio delle Trame,Namass'rya,wiki_link
Dominio delle Trame,Namass'rya,wiki_link
Dominio delle Trame,Namass'rya,wiki_link
Dominio delle Trame,Namass'rya,wiki_link
Dominio delle Trame,Namass'rya,wiki_link
Dominio delle Trame,Namass'rya,wiki_link
Dominio delle Trame,Namass'rya,wiki_link
Dominio delle Trame,Namass'rya,wiki_link
Dominio delle Trame,Namass'rya,wiki_link
Dominio delle Trame,Namass'rya,wiki_link
Dominio delle Trame,Namass'rya,wiki_link
Dominio delle Trame,Namass'rya,wiki_link
Dominio delle Trame,Namass'rya,wiki_link
Dominio delle Trame,Città delle Trame,wiki_link
Dominio delle Trame,Namass'rya,wiki_link
Dominio delle Trame,Matrona di Sangue,wiki_link
Ducato di Öuin,ducato_di_ouin_pic.png,wiki_link
Ducato di Öuin,Laon,wiki_link
Ducato di Öuin,Öuin,wiki_link
Ducato di Öuin,Dominio delle Trame,wiki_link
Ducato di Öuin,Laon,wiki_link
Ducato di Öuin,Öuin,wiki_link
Ducato di Öuin,Öuin,wiki_link
Ducato di Öuin,Agan,wiki_link
Ducato di Öuin,Öuin,wiki_link
Ducato di Öuin,Mendulia's Rock,wiki_link
Ducato di Öuin,Öuin,wiki_link
Ducato di Öuin,Öuin,wiki_link
Ducato di Öuin,Öuin,wiki_link
Ducato di Öuin,Laon,wiki_link
Ducato di Öuin,Lewyn,wiki_link
Ducato di Öuin,Öuin,wiki_link
Ducato di Öuin,Öuin,wiki_link
Ducato di Öuin,Öuin,wiki_link
Ducato di Öuin,Neir,wiki_link
Ducato di Öuin,Öuin,wiki_link
Ducato di Öuin,Laon,wiki_link
Ducato di Öuin,Neir,wiki_link
Ducato di Öuin,Öuin,wiki_link
Ducato di Öuin,Öuin,wiki_link
Ducato di Öuin,Öuin,wiki_link
Ducato di Öuin,Neir,wiki_link
Ducato di Öuin,Neir,wiki_link
Ducato di Öuin,Öuin,wiki_link
Ducato di Öuin,Elfi di Dor,wiki_link
Ducato di Öuin,Öuin,wiki_link
Ducato di Öuin,Öuin,wiki_link
Ducato di Öuin,Öuin,wiki_link
Ducato di Öuin,Öuin,wiki_link
Ducato di Öuin,Laon,wiki_link
Ducato di Öuin,Halthea,wiki_link
Ducato di Öuin,Fadranstaff,wiki_link
Ducato di Öuin,Öuin,wiki_link
Ducato di Öuin,Landa di Edeber,wiki_link
Ducato di Öuin,Lewyn,wiki_link
Ducato di Öuin,Öuin,wiki_link
Favoleggiate Rovine di Gundazar,giganti,wiki_link
Favoleggiate Rovine di Gundazar,giganti,wiki_link
Favoleggiate Rovine di Gundazar,giganti,wiki_link
Favoleggiate Rovine di Gundazar,giganti,wiki_link
Favoleggiate Rovine di Gundazar,giganti,wiki_link
Favoleggiate Rovine di Gundazar,orchi,wiki_link
Favoleggiate Rovine di Gundazar,orchi,wiki_link
Favoleggiate Rovine di Gundazar,Gundazar,wiki_link
Favoleggiate Rovine di Gundazar,Gundazar,wiki_link
Favoleggiate Rovine di Gundazar,Gundazar,wiki_link
Favoleggiate Rovine di Gundazar,Gundazar,wiki_link
Favoleggiate Rovine di Gundazar,Valli dei Giganti,wiki_link
Favoleggiate Rovine di Gundazar,giganti,wiki_link
Favoleggiate Rovine di Gundazar,Gundazar,wiki_link
Favoleggiate Rovine di Gundazar,Gundazar,wiki_link
Favoleggiate Rovine di Gundazar,wiloi,wiki_link
Favoleggiate Rovine di Gundazar,Gundazar,wiki_link
Favoleggiate Rovine di Gundazar,Gundazar,wiki_link
Favoleggiate Rovine di Gundazar,Gundazar,wiki_link
Favoleggiate Rovine di Gundazar,Gundazar,wiki_link
Favoleggiate Rovine di Gundazar,Gundazar,wiki_link
Favoleggiate Rovine di Gundazar,Gundazar,wiki_link
Favoleggiate Rovine di Gundazar,Gundazar,wiki_link
Favoleggiate Rovine di Gundazar,Gundazar,wiki_link
Favoleggiate Rovine di Gundazar,Gundazar,wiki_link
Favoleggiate Rovine di Gundazar,Gundazar,wiki_link
Favoleggiate Rovine di Gundazar,Gundazar,wiki_link
Favoleggiate Rovine di Gundazar,wiloi,wiki_link
Favoleggiate Rovine di Gundazar,Najestarr,wiki_link
Favoleggiate Rovine di Gundazar,Hadaknaton,wiki_link
Favoleggiate Rovine di Gundazar,Loy'ach,wiki_link
Favoleggiate Rovine di Gundazar,Gundazar,wiki_link
Favoleggiate Rovine di Gundazar,wiloi,wiki_link
Favoleggiate Rovine di Gundazar,wiloi,wiki_link
Favoleggiate Rovine di Gundazar,Gundazar,wiki_link
Favoleggiate Rovine di Gundazar,Tenebris,wiki_link
Favoleggiate Rovine di Gundazar,Gundazar,wiki_link
Favoleggiate Rovine di Gundazar,Gundazar,wiki_link
Favoleggiate Rovine di Gundazar,wiloi,wiki_link
Favoleggiate Rovine di Gundazar,Mendulia's Rock,wiki_link
Favoleggiate Rovine di Gundazar,Mendulia's Rock,wiki_link
Favoleggiate Rovine di Gundazar,Gundazar,wiki_link
Favoleggiate Rovine di Gundazar,Gundazar,wiki_link
Favoleggiate Rovine di Gundazar,Valli dei Giganti,wiki_link
Favoleggiate Rovine di Gundazar,Gundazar,wiki_link
Favoleggiate Rovine di Gundazar,Gundazar,wiki_link
Favoleggiate Rovine di Gundazar,Gundazar,wiki_link
Favoleggiate Rovine di Gundazar,Gundazar,wiki_link
Favoleggiate Rovine di Gundazar,Gundazar,wiki_link
Favoleggiate Rovine di Gundazar,Gundazar,wiki_link
Favoleggiate Rovine di Gundazar,Neir,wiki_link
Favoleggiate Rovine di Gundazar,Gundazar,wiki_link
Favoleggiate Rovine di Gundazar,wiloi,wiki_link
Favoleggiate Rovine di Gundazar,Gundazar,wiki_link
Favoleggiate Rovine di Gundazar,Gundazar,wiki_link
Favoleggiate Rovine di Gundazar,Gundazar,wiki_link
Favoleggiate Rovine di Gundazar,Gundazar,wiki_link
Favoleggiate Rovine di Gundazar,Gundazar,wiki_link
Favoleggiate Rovine di Gundazar,Gundazar,wiki_link
Favoleggiate Rovine di Gundazar,Gundazar,wiki_link
Favoleggiate Rovine di Gundazar,wiloi,wiki_link
Favoleggiate Rovine di Gundazar,Gundazar,wiki_link
Favoleggiate Rovine di Gundazar,Neir,wiki_link
Favoleggiate Rovine di Gundazar,Tenebris,wiki_link
Favoleggiate Rovine di Gundazar,elfi,wiki_link
Favoleggiate Rovine di Gundazar,wiloi,wiki_link
Favoleggiate Rovine di Gundazar,Mendulia's Rock,wiki_link
Favoleggiate Rovine di Gundazar,Mendulia's Rock,wiki_link
Favoleggiate Rovine di Gundazar,Oasi di Zey,wiki_link
Favoleggiate Rovine di Gundazar,Gundazar,wiki_link
Favoleggiate Rovine di Gundazar,Valli dei Giganti,wiki_link
Favoleggiate Rovine di Gundazar,Gundazar,wiki_link
Favoleggiate Rovine di Gundazar,Gundazar,wiki_link
Favoleggiate Rovine di Gundazar,Gundazar,wiki_link
Favoleggiate Rovine di Gundazar,Gundazar,wiki_link
Favoleggiate Rovine di Gundazar,Gundazar,wiki_link
Favoleggiate Rovine di Gundazar,Neir,wiki_link
Favoleggiate Rovine di Gundazar,Gundazar,wiki_link
Favoleggiate Rovine di Gundazar,Gundazar,wiki_link
Favoleggiate Rovine di Gundazar,Valle Nuvolosa,wiki_link
Impero delle Terre Nascoste,karevi,wiki_link
Impero delle Terre Nascoste,wiloi,wiki_link
Impero delle Terre Nascoste,karevi,wiki_link
Impero delle Terre Nascoste,Neir,wiki_link
Impero delle Terre Nascoste,karevi,wiki_link
Impero delle Terre Nascoste,Garod,wiki_link
Impero delle Terre Nascoste,karevi,wiki_link
Impero delle Terre Nascoste,klorss,wiki_link
Impero delle Terre Nascoste,karevi,wiki_link
Impero delle Terre Nascoste,klorss,wiki_link
Impero delle Terre Nascoste,klorss,wiki_link
Impero delle Terre Nascoste,karevi,wiki_link
Impero delle Terre Nascoste,karevi,wiki_link
Impero delle Terre Nascoste,Garod,wiki_link
Impero delle Terre Nascoste,karevi,wiki_link
Impero delle Terre Nascoste,karevi,wiki_link
Impero delle Terre Nascoste,Garod,wiki_link
Impero delle Terre Nascoste,karevi,wiki_link
Impero delle Terre Nascoste,Garod,wiki_link
Impero delle Terre Nascoste,Garod,wiki_link
Impero delle Terre Nascoste,Garod,wiki_link
Impero delle Terre Nascoste,karevi,wiki_link
Impero delle Terre Nascoste,karevi,wiki_link
Impero delle Terre Nascoste,Gundazar,wiki_link
Impero delle Terre Nascoste,Cenere di Lanie,wiki_link
Impero delle Terre Nascoste,Mendulia's Rock,wiki_link
Impero delle Terre Nascoste,Neir,wiki_link
Impero delle Terre Nascoste,karevi,wiki_link
Impero delle Terre Nascoste,karevi,wiki_link
Impero delle Terre Nascoste,karevi,wiki_link
Impero delle Terre Nascoste,karevi,wiki_link
Impero delle Terre Nascoste,karevi,wiki_link
Impero delle Terre Nascoste,karevi,wiki_link
Impero delle Terre Nascoste,Provincia di Petralta,wiki_link
Impero delle Terre Nascoste,Gundazar,wiki_link
Impero delle Terre Nascoste,karevi,wiki_link
Impero delle Terre Nascoste,Garod,wiki_link
Impero delle Terre Nascoste,karevi,wiki_link
Impero delle Terre Nascoste,An'Rao IV,wiki_link
Impero delle Terre Nascoste,karevi,wiki_link
Impero delle Terre Nascoste,Neir,wiki_link
Impero delle Terre Nascoste,karevi,wiki_link
Impero delle Terre Nascoste,karevi,wiki_link
Impero delle Terre Nascoste,klorss,wiki_link
Impero delle Terre Nascoste,Garod,wiki_link
Impero delle Terre Nascoste,Neir,wiki_link
Impero delle Terre Nascoste,Neir,wiki_link
Impero delle Terre Nascoste,Gundazar,wiki_link
Impero delle Terre Nascoste,karevi,wiki_link
Impero delle Terre Nascoste,karevi,wiki_link
Impero delle Terre Nascoste,karevi,wiki_link
Impero delle Terre Nascoste,karevi,wiki_link
Impero delle Terre Nascoste,karevi,wiki_link
Impero delle Terre Nascoste,karevi,wiki_link
Impero delle Terre Nascoste,karevi,wiki_link
Impero delle Terre Nascoste,Terra,wiki_link
Impero delle Terre Nascoste,karevi,wiki_link
Impero delle Terre Nascoste,karevi,wiki_link
Impero delle Terre Nascoste,karevi,wiki_link
Impero delle Terre Nascoste,karevi,wiki_link
Impero delle Terre Nascoste,Garod,wiki_link
Impero delle Terre Nascoste,karevi,wiki_link
Impero delle Terre Nascoste,Neir,wiki_link
Impero delle Terre Nascoste,karevi,wiki_link
Impero delle Terre Nascoste,Garod,wiki_link
Impero delle Terre Nascoste,Garod,wiki_link
Impero delle Terre Nascoste,karevi,wiki_link
Impero delle Terre Nascoste,karevi,wiki_link
Impero delle Terre Nascoste,karevi,wiki_link
Impero delle Terre Nascoste,karevi,wiki_link
Impero delle Terre Nascoste,karevi,wiki_link
Impero delle Terre Nascoste,karevi,wiki_link
Impero delle Terre Nascoste,karevi,wiki_link
Impero delle Terre Nascoste,karevi,wiki_link
Impero delle Terre Nascoste,karevi,wiki_link
Impero delle Terre Nascoste,karevi,wiki_link
Impero delle Terre Nascoste,karevi,wiki_link
Impero delle Terre Nascoste,karevi,wiki_link
Impero delle Terre Nascoste,Garod,wiki_link
Impero delle Terre Nascoste,Kkyrlamny,wiki_link
Impero delle Terre Nascoste,Provincia di Petralta,wiki_link
Impero delle Terre Nascoste,Petralta,wiki_link
Impero delle Terre Nascoste,Fato di Lyonel,wiki_link
Impero delle Terre Nascoste,Giungla di Erth,wiki_link
Impero delle Terre Nascoste,Ynxazvann,wiki_link
Impero delle Terre Nascoste,klorss,wiki_link
Impero delle Terre Nascoste,Hzaad'à,wiki_link
Impero delle Terre Nascoste,Provincia di Petralta,wiki_link
Impero delle Terre Nascoste,wiloi,wiki_link
Impero delle Terre Nascoste,Manor,wiki_link
Impero delle Terre Nascoste,Petralta,wiki_link
Impero delle Terre Nascoste,I Bianchi Sepolcri,wiki_link
Larass'hra,Nebvarasa,wiki_link
Larass'hra,Neir,wiki_link
Larass'hra,Mazak'hra,wiki_link
Larass'hra,Elfi,wiki_link
Larass'hra,elfi,wiki_link
Larass'hra,nani,wiki_link
Larass'hra,umani,wiki_link
Larass'hra,Pianure di Xanesh,wiki_link
Larass'hra,Leresalazsnn'hra,wiki_link
Larass'hra,Occhio del Drago,wiki_link
Larass'hra,Larass'hra,wiki_link
Larass'hra,Neir,wiki_link
Larass'hra,Neir,wiki_link
Larass'hra,Daragoss,wiki_link
Larass'hra,elfi,wiki_link
Larass'hra,wiloi,wiki_link
Larass'hra,Mazak'hra,wiki_link
Larass'hra,wiloi,wiki_link
Larass'hra,Vetta delle Anime,wiki_link
Larass'hra,wiloi,wiki_link
Larass'hra,Nebvarasa,wiki_link
Larass'hra,Vetta delle Anime,wiki_link
Larass'hra,Regione Mistica,wiki_link
Larass'hra,Città di Nü,wiki_link
Larass'hra,Neir,wiki_link
Larass'hra,Mazak'hra,wiki_link
Larass'hra,Mazak'hra,wiki_link
Larass'hra,elfi,wiki_link
Larass'hra,nani,wiki_link
Larass'hra,umani,wiki_link
Larass'hra,Larass'hra,wiki_link
Larass'hra,Leresalazsnn'hra,wiki_link
Larass'hra,Daragoss,wiki_link
Larass'hra,Neir,wiki_link
Larass'hra,wiloi,wiki_link
Larass'hra,Leresalazsnn'hra,wiki_link
Larass'hra,Neir,wiki_link
Larass'hra,Neir,wiki_link
Larass'hra,Leresalazsnn'hra,wiki_link
Larass'hra,Neir,wiki_link
Larass'hra,Leresalazsnn'hra,wiki_link
Larass'hra,Baia d'Argento di Onor,wiki_link
Larass'hra,Bosco di Alysara,wiki_link
Larass'hra,Bosco di Llira,wiki_link
Larass'hra,Bosco di Melis,wiki_link
Larass'hra,Cimitero dei Draghi,wiki_link
Larass'hra,Desolazione Occidentale,wiki_link
Larass'hra,Regione Mistica,wiki_link
Larass'hra,Golfo della Zanna Blu,wiki_link
Larass'hra,Isole Gemelle,wiki_link
Larass'hra,Lago di Udz,wiki_link
Larass'hra,Mare della Progenie dell'Esiliato,wiki_link
Larass'hra,Montagna dell'Occhio del Drago,wiki_link
Larass'hra,Picchi del Wyrm,wiki_link
Larass'hra,Progenie del Vulcano,wiki_link
Larass'hra,Terra di Ambra,wiki_link
Larass'hra,Vetta delle Anime,wiki_link
Larass'hra,Terra di Ambra,wiki_link
Larass'hra,Neir,wiki_link
Larass'hra,Neir,wiki_link
Larass'hra,Larass'hra,wiki_link
Larass'hra,Canzone di Nebvarasa,wiki_link
Larass'hra,Neir,wiki_link
Larass'hra,Cimitero dei Draghi,wiki_link
Larass'hra,Larass'hra,wiki_link
Magocrazia di Nü,wiloi,wiki_link
Magocrazia di Nü,wiloi,wiki_link
Magocrazia di Nü,wiloi,wiki_link
Magocrazia di Nü,Neir,wiki_link
Magocrazia di Nü,Yolam'hra,wiki_link
Magocrazia di Nü,wiloi,wiki_link
Magocrazia di Nü,Yolam'hra,wiki_link
Magocrazia di Nü,Yolam'hra,wiki_link
Magocrazia di Nü,wiloi,wiki_link
Magocrazia di Nü,wiloi,wiki_link
Magocrazia di Nü,Yolam'hra,wiki_link
Magocrazia di Nü,wiloi,wiki_link
Magocrazia di Nü,wiloi,wiki_link
Magocrazia di Nü,wiloi,wiki_link
Magocrazia di Nü,wiloi,wiki_link
Magocrazia di Nü,wiloi,wiki_link
Magocrazia di Nü,Yolam'hra,wiki_link
Magocrazia di Nü,Nebvarasa,wiki_link
Magocrazia di Nü,Yolam'hra,wiki_link
Magocrazia di Nü,wiloi,wiki_link
Magocrazia di Nü,Yolam'hra,wiki_link
Magocrazia di Nü,Neir,wiki_link
Magocrazia di Nü,wiloi,wiki_link
Magocrazia di Nü,wiloi,wiki_link
Magocrazia di Nü,Neir,wiki_link
Magocrazia di Nü,Yolam'hra,wiki_link
Magocrazia di Nü,Neir,wiki_link
Magocrazia di Nü,wiloi,wiki_link
Magocrazia di Nü,wiloi,wiki_link
Magocrazia di Nü,Yolam'hra,wiki_link
Magocrazia di Nü,Neir,wiki_link
Magocrazia di Nü,wiloi,wiki_link
Magocrazia di Nü,Neir,wiki_link
Magocrazia di Nü,wiloi,wiki_link
Magocrazia di Nü,Abisso Oscuro,wiki_link
Magocrazia di Nü,wiloi,wiki_link
Magocrazia di Nü,wiloi,wiki_link
Magocrazia di Nü,wiloi,wiki_link
Magocrazia di Nü,Neir,wiki_link
Magocrazia di Nü,wiloi,wiki_link
Magocrazia di Nü,Neir,wiki_link
Magocrazia di Nü,wiloi,wiki_link
Magocrazia di Nü,wiloi,wiki_link
Magocrazia di Nü,Neir,wiki_link
Magocrazia di Nü,Najestarr,wiki_link
Magocrazia di Nü,Najestarr,wiki_link
Magocrazia di Nü,Najestarr,wiki_link
Magocrazia di Nü,Neir,wiki_link
Magocrazia di Nü,Hadaknaton,wiki_link
Magocrazia di Nü,loy'ach,wiki_link
Magocrazia di Nü,loy'ach,wiki_link
Magocrazia di Nü,Abisso Oscuro,wiki_link
Magocrazia di Nü,loy'ach,wiki_link
Magocrazia di Nü,wiloi,wiki_link
Magocrazia di Nü,Najestarr,wiki_link
Magocrazia di Nü,Najestarr,wiki_link
Magocrazia di Nü,wiloi,wiki_link
Magocrazia di Nü,Neir,wiki_link
Magocrazia di Nü,Città di Nü,wiki_link
Magocrazia di Nü,wiloi,wiki_link
Magocrazia di Nü,Najestarr,wiki_link
Magocrazia di Nü,wiloi,wiki_link
Magocrazia di Nü,Neir,wiki_link
Magocrazia di Nü,Najestarr,wiki_link
Magocrazia di Nü,Najestarr,wiki_link
Magocrazia di Nü,loy'ach,wiki_link
Magocrazia di Nü,Neir,wiki_link
Magocrazia di Nü,loy'ach,wiki_link
Magocrazia di Nü,Najestarr,wiki_link
Magocrazia di Nü,wiloi,wiki_link
Magocrazia di Nü,wiloi,wiki_link
Magocrazia di Nü,wiloi,wiki_link
Magocrazia di Nü,Magocrazia di Nü,wiki_link
Magocrazia di Nü,Città di Nü,wiki_link
Magocrazia di Nü,Azkabel,wiki_link
Magocrazia di Nü,Daragoss,wiki_link
Magocrazia di Nü,Daragoss,wiki_link
Magocrazia di Nü,Nü,wiki_link
Magocrazia di Nü,Magocrazia di Nü,wiki_link
Magocrazia di Nü,Gundazar,wiki_link
Magocrazia di Nü,Daragoss,wiki_link
Magocrazia di Nü,Azkabel,wiki_link
Magocrazia di Nü,Gundazar,wiki_link
Magocrazia di Nü,wiloi,wiki_link
Magocrazia di Nü,Lanie,wiki_link
Magocrazia di Nü,wiloi,wiki_link
Magocrazia di Nü,Lanie,wiki_link
Magocrazia di Nü,Gundazar,wiki_link
Magocrazia di Nü,Lanie,wiki_link
Magocrazia di Nü,Cenere di Lanie,wiki_link
Magocrazia di Nü,Nelen Deseziath,wiki_link
Magocrazia di Nü,wiloi,wiki_link
Magocrazia di Nü,Lanie,wiki_link
Magocrazia di Nü,Città di Nü,wiki_link
Magocrazia di Nü,Azkabel,wiki_link
Magocrazia di Nü,Daragoss,wiki_link
Magocrazia di Nü,wiloi,wiki_link
Magocrazia di Nü,wiloi,wiki_link
Magocrazia di Nü,wiloi,wiki_link
Magocrazia di Nü,Yolam'hra,wiki_link
Magocrazia di Nü,wiloi,wiki_link
Magocrazia di Nü,Neir,wiki_link
Magocrazia di Nü,wiloi,wiki_link
Magocrazia di Nü,wiloi,wiki_link
Magocrazia di Nü,wiloi,wiki_link
Magocrazia di Nü,Lanie,wiki_link
Magocrazia di Nü,Lanie,wiki_link
Magocrazia di Nü,Doomkhan,wiki_link
Magocrazia di Nü,Glumdrung,wiki_link
Magocrazia di Nü,Città di Nü,wiki_link
Magocrazia di Nü,Azkabel,wiki_link
Magocrazia di Nü,Daragoss,wiki_link
Magocrazia di Nü,Azkabel,wiki_link
Magocrazia di Nü,Città di Nü,wiki_link
Neir,neir_map.jpg,wiki_link
Oasi di Zey,wiloi,wiki_link
Oasi di Zey,karevi,wiki_link
Oasi di Zey,elfi,wiki_link
Oasi di Zey,nani,wiki_link
Oasi di Zey,umani,wiki_link
Oasi di Zey,halfling,wiki_link
Oasi di Zey,gnomi,wiki_link
Oasi di Zey,gnomi,wiki_link
Oasi di Zey,gnomi,wiki_link
Oasi di Zey,gnomi,wiki_link
Oasi di Zey,gnomi,wiki_link
Oasi di Zey,gnomi,wiki_link
Oasi di Zey,Neir,wiki_link
Oasi di Zey,gnomi,wiki_link
Oasi di Zey,gnomi,wiki_link
Oasi di Zey,Pianure di Xanesh,wiki_link
Oasi di Zey,gnomi,wiki_link
Oasi di Zey,Tenebris,wiki_link
Oasi di Zey,Pianure di Xanesh,wiki_link
Oasi di Zey,Gundazar,wiki_link
Oasi di Zey,Gundazar,wiki_link
Oasi di Zey,Gundazar,wiki_link
Oasi di Zey,urakian,wiki_link
Oasi di Zey,karevi,wiki_link
Oasi di Zey,gnomi,wiki_link
Oasi di Zey,Pianure di Xanesh,wiki_link
Oasi di Zey,Gundazar,wiki_link
Oasi di Zey,Gundazar,wiki_link
Oasi di Zey,Gundazar,wiki_link
Oasi di Zey,Lanie,wiki_link
Oasi di Zey,urakian,wiki_link
Oasi di Zey,gnomi,wiki_link
Oasi di Zey,Karevi,wiki_link
Oasi di Zey,Dominio delle Trame,wiki_link
Oasi di Zey,Pianure di Xanesh,wiki_link
Oasi di Zey,Öuin,wiki_link
Oasi di Zey,Mendulia's Rock,wiki_link
Oasi di Zey,Gundazar,wiki_link
Oasi di Zey,giorni,wiki_link
Oasi di Zey,Tenebris,wiki_link
Oasi di Zey,Doomkhan,wiki_link
Oasi di Zey,Neir,wiki_link
Oasi di Zey,Cenere di Lanie,wiki_link
Oasi di Zey,Pianure di Xanesh,wiki_link
Oasi di Zey,Neir,wiki_link
Oasi di Zey,Pianure di Xanesh,wiki_link
Oasi di Zey,Piramide del Dio Dimenticato,wiki_link
Oasi di Zey,Scuola degli Specchi,wiki_link
Oasi di Zey,La Taverna Sommersa,wiki_link
Oasi di Zey,Giardino degli Dei,wiki_link
Oasi di Zey,Le Mura Invalicabili,wiki_link
Oasi di Zey,Fadranstaff,wiki_link
Oasi di Zey,Rakilia,wiki_link
Pianure di Xanesh,Adraoos,wiki_link
Pianure di Xanesh,Adraoos,wiki_link
Pianure di Xanesh,Gundazar,wiki_link
Pianure di Xanesh,Valle Nuvolosa,wiki_link
Pianure di Xanesh,Mubunash,wiki_link
Pianure di Xanesh,Gundazar,wiki_link
Pianure di Xanesh,Gundazar,wiki_link
Pianure di Xanesh,Mubunash,wiki_link
Pianure di Xanesh,Tenebris,wiki_link
Pianure di Xanesh,Tenebris,wiki_link
Pianure di Xanesh,Tenebris,wiki_link
Pianure di Xanesh,Neir,wiki_link
Pianure di Xanesh,Tenebris,wiki_link
Pianure di Xanesh,Magocrazia di Nü,wiki_link
Pianure di Xanesh,Gundazar,wiki_link
Pianure di Xanesh,Tenebris,wiki_link
Pianure di Xanesh,Tenebris,wiki_link
Pianure di Xanesh,Neir,wiki_link
Pianure di Xanesh,Gundazar,wiki_link
Pianure di Xanesh,Neir,wiki_link
Pianure di Xanesh,Gundazar,wiki_link
Pianure di Xanesh,Gundazar,wiki_link
Pianure di Xanesh,Gundazar,wiki_link
Pianure di Xanesh,Gundazar,wiki_link
Pianure di Xanesh,Gundazar,wiki_link
Pianure di Xanesh,Mubunash,wiki_link
Pianure di Xanesh,Gundazar,wiki_link
Pianure di Xanesh,Gundazar,wiki_link
Pianure di Xanesh,Mubunash,wiki_link
Pianure di Xanesh,Tenebris,wiki_link
Pianure di Xanesh,Gundazar,wiki_link
Pianure di Xanesh,Magocrazia di Nü,wiki_link
Pianure di Xanesh,Tenebris,wiki_link
Pianure di Xanesh,Gundazar,wiki_link
Pianure di Xanesh,Gundazar,wiki_link
Pianure di Xanesh,Neir,wiki_link
Pianure di Xanesh,Gundazar,wiki_link
Pianure di Xanesh,Tenebris,wiki_link
Pianure di Xanesh,Città delle Palafitte,wiki_link
Pianure di Xanesh,Elspet,wiki_link
Pianure di Xanesh,Aman'raith,wiki_link
Pianure di Xanesh,Varshold,wiki_link
Pianure di Xanesh,Nuzagaal,wiki_link
Pianure di Xanesh,Kustaza,wiki_link
Pianure di Xanesh,karevi,wiki_link
Pianure di Xanesh,Gundazar,wiki_link
Pianure di Xanesh,Uskar,wiki_link
Pianure di Xanesh,Mubunash,wiki_link
Pianure di Xanesh,Belzifer,wiki_link
Pianure di Xanesh,Gundazar,wiki_link
Pianure di Xanesh,Mubunash,wiki_link
Pianure di Xanesh,Garod,wiki_link
Pianure di Xanesh,Darkfiame,wiki_link
Pianure di Xanesh,Krea,wiki_link
Pianure di Xanesh,Città delle Palafitte,wiki_link
Pianure di Xanesh,Glumdrung,wiki_link
Pianure di Xanesh,Tenebris,wiki_link
Pianure di Xanesh,Mubunash,wiki_link
Pianure di Xanesh,Milford,wiki_link
Pianure di Xanesh,Oscura chiesa di Tenebris,wiki_link
Pianure di Xanesh,Hulbert,wiki_link
Pianure di Xanesh,Tenebris,wiki_link
Pianure di Xanesh,Neir,wiki_link
Pianure di Xanesh,Pianure di Xanesh,wiki_link
Pianure di Xanesh,Mubunash,wiki_link
Repubblica di Mendulia’s Rock,Mendulia's Rock,wiki_link
Repubblica di Mendulia’s Rock,Nuzagaal,wiki_link
Repubblica di Mendulia’s Rock,Mendulia's Rock,wiki_link
Repubblica di Mendulia’s Rock,Mendulia's Rock,wiki_link
Repubblica di Mendulia’s Rock,Magocrazia di Nü,wiki_link
Repubblica di Mendulia’s Rock,Mendulia's Rock,wiki_link
Repubblica di Mendulia’s Rock,Mendulia's Rock,wiki_link
Repubblica di Mendulia’s Rock,Mendulia's Rock,wiki_link
Repubblica di Mendulia’s Rock,Mendulia's Rock,wiki_link
Repubblica di Mendulia’s Rock,wiloi,wiki_link
Repubblica di Mendulia’s Rock,Baia di Redoro,wiki_link
Repubblica di Mendulia’s Rock,Neir,wiki_link
Repubblica di Mendulia’s Rock,Mendulia's Rock,wiki_link
Repubblica di Mendulia’s Rock,Neir,wiki_link
Repubblica di Mendulia’s Rock,Mendulia's Rock,wiki_link
Repubblica di Mendulia’s Rock,Gundazar,wiki_link
Repubblica di Mendulia’s Rock,Mendulia's Rock,wiki_link
Repubblica di Mendulia’s Rock,Gundazar,wiki_link
Repubblica di Mendulia’s Rock,Magocrazia di Nü,wiki_link
Repubblica di Mendulia’s Rock,Gundazar,wiki_link
Repubblica di Mendulia’s Rock,Mendulia's Rock,wiki_link
Repubblica di Mendulia’s Rock,Impero delle Terre Nascoste,wiki_link
Repubblica di Mendulia’s Rock,Neir,wiki_link
Repubblica di Mendulia’s Rock,Baia di Redoro,wiki_link
Repubblica di Mendulia’s Rock,Provincia di Petralta,wiki_link
Repubblica di Mendulia’s Rock,Impero delle Terre Nascoste,wiki_link
Repubblica di Mendulia’s Rock,Mendulia's Rock,wiki_link
Repubblica di Mendulia’s Rock,Dardi Sanguinanti,wiki_link
Repubblica di Mendulia’s Rock,Mendulia's Rock,wiki_link
Repubblica di Mendulia’s Rock,Mendulia's Rock,wiki_link
Repubblica di Mendulia’s Rock,Mendulia's Rock,wiki_link
Repubblica di Mendulia’s Rock,Mendulia's Rock,wiki_link
Repubblica di Mendulia’s Rock,Magocrazia di Nü,wiki_link
Repubblica di Mendulia’s Rock,Neir,wiki_link
Repubblica di Mendulia’s Rock,Mendulia's Rock,wiki_link
Repubblica di Mendulia’s Rock,Neir,wiki_link
Repubblica di Mendulia’s Rock,Mendulia's Rock,wiki_link
Repubblica di Mendulia’s Rock,Mendulia's Rock,wiki_link
Repubblica di Mendulia’s Rock,Gundazar,wiki_link
Repubblica di Mendulia’s Rock,Neir,wiki_link
Repubblica di Mendulia’s Rock,Repubblica di Mendulia’s Rock,wiki_link
Repubblica di Mendulia’s Rock,Neir,wiki_link
Repubblica di Mendulia’s Rock,Mendulia's Rock,wiki_link
Repubblica di Mendulia’s Rock,Forte Arundex,wiki_link
Repubblica di Mendulia’s Rock,elfi,wiki_link
Repubblica di Mendulia’s Rock,Mendulia's Rock,wiki_link
Repubblica di Mendulia’s Rock,Mendulia's Rock,wiki_link
Repubblica di Mendulia’s Rock,Mendulia's Rock,wiki_link
Repubblica di Mendulia’s Rock,Mendulia's Rock,wiki_link
Repubblica di Mendulia’s Rock,Forte Arundex,wiki_link
Repubblica di Mendulia’s Rock,Mubunash,wiki_link
Repubblica di Mendulia’s Rock,Mendulia's Rock,wiki_link
Repubblica di Mendulia’s Rock,Maskarr,wiki_link
Repubblica di Mendulia’s Rock,Bruin Ashcroft,wiki_link
Repubblica di Mendulia’s Rock,Dardi Sanguinanti,wiki_link
Repubblica di Mendulia’s Rock,Baia di Redoro,wiki_link
Repubblica di Mendulia’s Rock,Ippodromo,wiki_link
Valle Nuvolosa,Ludreq,wiki_link
Valle Nuvolosa,Pahr,wiki_link
Valle Nuvolosa,selva Infestata di Mysteria,wiki_link
Valle Nuvolosa,Campo Geyser,wiki_link
Valli dei Giganti,giganti,wiki_link
Valli dei Giganti,giganti,wiki_link
Valli dei Giganti,giganti,wiki_link
Valli dei Giganti,Neir,wiki_link
Valli dei Giganti,giganti,wiki_link
Valli dei Giganti,Pianure di Xanesh,wiki_link
Valli dei Giganti,giganti,wiki_link
Valli dei Giganti,Neir,wiki_link
Valli dei Giganti,Gundazar,wiki_link
Valli dei Giganti,Forte Arundex,wiki_link
Valli dei Giganti,Valli dei Giganti,wiki_link
Valli dei Giganti,Forte Arundex,wiki_link
Valli dei Giganti,Gundazar,wiki_link
Valli dei Giganti,Gundazar,wiki_link
Valli dei Giganti,Gundazar,wiki_link
Valli dei Giganti,Forte Arundex,wiki_link
Valli dei Giganti,Forte Arundex,wiki_link
Valli dei Giganti,Gundazar,wiki_link
Valli dei Giganti,Gundazar,wiki_link
Valli dei Giganti,Forte Arundex,wiki_link
Valli dei Giganti,Forte Arundex,wiki_link
Valli dei Giganti,Gundazar,wiki_link
Valli dei Giganti,Mendulia's Rock,wiki_link
Valli dei Giganti,Forte Arundex,wiki_link
Valli dei Giganti,Gundazar,wiki_link
Valli dei Giganti,Gundazar,wiki_link
Valli dei Giganti,Forte Arundex,wiki_link
Valli dei Giganti,Gundazar,wiki_link
Valli dei Giganti,Forte Arundex,wiki_link
Valli dei Giganti,Forte Arundex,wiki_link
Valli dei Giganti,Neir,wiki_link
Valli dei Giganti,urakian,wiki_link
Valli dei Giganti,Cenere di Lanie,wiki_link
Valli dei Giganti,Forte Arundex,wiki_link
Valli dei Giganti,Forte Arundex,wiki_link
Valli dei Giganti,Forte Arundex,wiki_link
Valli dei Giganti,Forte Arundex,wiki_link
Valli dei Giganti,Forte Arundex,wiki_link
Valli dei Giganti,Fort Arundex,wiki_link
Valli dei Giganti,Mendulia's Rock,wiki_link
Valli dei Giganti,Forte Arundex,wiki_link
Valli dei Giganti,Forte Arundex,wiki_link
Valli dei Giganti,Forte Arundex,wiki_link
Valli dei Giganti,Forte Arundex,wiki_link
Valli dei Giganti,Forte Arundex,wiki_link
Valli dei Giganti,Forte Arundex,wiki_link
Valli dei Giganti,Forte Arundex,wiki_link
Valli dei Giganti,Forte Arundex,wiki_link
Valli dei Giganti,Forte Arundex,wiki_link
Valli dei Giganti,Gundazar,wiki_link
Valli dei Giganti,Mendulia's Rock,wiki_link
Valli dei Giganti,Forte Arundex,wiki_link
Valli dei Giganti,Unthamarand,wiki_link
Valli dei Giganti,Nuzagaal,wiki_link
Valli dei Giganti,Unthamarand,wiki_link
Valli dei Giganti,Iliar,wiki_link
Valli dei Giganti,Forte Arundex,wiki_link
Valli dei Giganti,giganti,wiki_link
Valli dei Giganti,Lago delle Quattro Braccia,wiki_link
Valli dei Giganti,Forte Arundex,wiki_link
Valli dei Giganti,Wündarka,wiki_link
Valli dei Giganti,Forte Arundex,wiki_link
Valli dei Giganti,Rowzrugu,wiki_link
Valli dei Giganti,Buhragath,wiki_link
Verde Foresta,Cenere di Lanie,wiki_link
Verde Foresta,Valle Nuvolosa,wiki_link
Verde Foresta,Verde Foresta,wiki_link
Verde Foresta,Verde Foresta,wiki_link
Verde Foresta,Aman'Raith,wiki_link
Verde Foresta,Verde Foresta,wiki_link
Verde Foresta,Verde Foresta,wiki_link
Verde Foresta,Verde Foresta,wiki_link
Verde Foresta,Cenere di Lanie,wiki_link
Verde Foresta,Valle Nuvolosa,wiki_link
Verde Foresta,Aman'Raith,wiki_link
Verde Foresta,Neir,wiki_link
Verde Foresta,Landa di Edeber,wiki_link
Verde Foresta,Gundazar,wiki_link
Verde Foresta,Neir,wiki_link
Verde Foresta,Iliar,wiki_link
Verde Foresta,Fahrn,wiki_link
Verde Foresta,Gundazar,wiki_link
Elfi di Dor,wiloi,wiki_link
Elfi di Dor,Neir,wiki_link
Elfi di Dor,umani,wiki_link
Elfi di Dor,elfi,wiki_link
Elfi di Dor,Landa di Edeber,wiki_link
Elfi di Dor,Lanie,wiki_link
Elfi di Dor,Lanie,wiki_link
Elfi di Dor,Lanie,wiki_link
Elfi di Dor,Lanie,wiki_link
Elfi di Dor,elfi,wiki_link
Elfi di Dor,Landa di Edeber,wiki_link
Elfi di Dor,Mendulia's Rock,wiki_link
Elfi di Dor,Dor,wiki_link
Elfi di Dor,Città Torre di Meth,wiki_link
Elfi di Dor,Città Torre di Meth,wiki_link
Elfi di Dor,Elunas,wiki_link
Elfi di Dor,Nore Aad,wiki_link
Elfi di Dor,Fjord,wiki_link
Elfi di Dor,nani,wiki_link
Elfi di Dor,umani,wiki_link
Elfi di Dor,elfi,wiki_link
Elfi di Dor,Neir,wiki_link
Elfi di Dor,nani,wiki_link
Elfi di Dor,umani,wiki_link
Elfi di Dor,Elunas,wiki_link
Elfi di Dor,Fjord,wiki_link
Elfi di Dor,elfi,wiki_link
Elfi di Dor,elfi,wiki_link
Elfi di Dor,nani,wiki_link
Elfi di Dor,elfi,wiki_link
Elfi di Dor,Valle Nuvolosa,wiki_link
Elfi di Dor,nani,wiki_link
Elfi di Dor,Città Torre di Meth,wiki_link
Elfi di Dor,Fjord,wiki_link
Elfi di Dor,Valle Nuvolosa,wiki_link
Elfi di Dor,Hultuaar,wiki_link
Elfi di Dor,Adzanaklorss,wiki_link
Elfi di Dor,elfi,wiki_link
Elfi di Dor,Adzanaklorss,wiki_link
Elfi di Dor,Oruth,wiki_link
Elfi di Dor,Nuiwlf,wiki_link
Elfi di Dor,Xodrodoth,wiki_link
Elfi di Dor,klorss,wiki_link
Elfi di Dor,Adzanaklorss,wiki_link
Elfi di Dor,elfi di Dor,wiki_link
Elfi di Dor,nani,wiki_link
Elfi di Dor,klorss,wiki_link
Elfi di Dor,Valle Nuvolosa,wiki_link
Elfi di Dor,Elfi,wiki_link
Elfi di Dor,nani,wiki_link
Elfi di Dor,klorss,wiki_link
Elfi di Dor,elfi,wiki_link
Elfi di Dor,nani,wiki_link
Elfi di Dor,klorss,wiki_link
Elfi di Dor,Elunas,wiki_link
Elfi di Dor,Nore Aad,wiki_link
Elfi di Dor,Gundazar,wiki_link
Elfi di Dor,Nore Aad,wiki_link
Elfi di Dor,umani,wiki_link
Elfi di Dor,Meth,wiki_link
Elfi di Dor,klorss,wiki_link
Elfi di Dor,Impero delle Terre Nascoste,wiki_link
Elfi di Dor,klorss,wiki_link
Elfi di Dor,klorss,wiki_link
Elfi di Dor,elfi,wiki_link
Elfi di Dor,klorss,wiki_link
Elfi di Dor,Città Torre di Meth,wiki_link
Elfi di Dor,Neir,wiki_link
Elfi di Dor,klorss,wiki_link
Elfi di Dor,Dor,wiki_link
Elfi di Dor,Elunas,wiki_link
Elfi di Dor,Fjord,wiki_link
Elfi di Dor,elfi,wiki_link
Elfi di Dor,Magocrazia di Nü,wiki_link
Elfi di Dor,wiloi,wiki_link
Elfi di Dor,elfi,wiki_link
Elfi di Dor,Magocrazia di Nü,wiki_link
Elfi di Dor,elfi,wiki_link
Elfi di Dor,Dor,wiki_link
Elfi di Dor,Città Torre di Meth,wiki_link
Elfi di Dor,Elfi,wiki_link
Elfi di Dor,nani,wiki_link
Elfi di Dor,umani,wiki_link
Elfi di Dor,Neir,wiki_link
Elfi di Dor,Elunas,wiki_link
Elfi di Dor,Fjord,wiki_link
Elfi di Dor,Dor,wiki_link
Elfi di Dor,elfi,wiki_link
Elfi di Dor,nani,wiki_link
Elfi di Dor,nani,wiki_link
Elfi di Dor,Meth,wiki_link
Elfi di Dor,Meth,wiki_link
Elfi di Dor,elfi,wiki_link
Elfi di Dor,Valle Nuvolosa,wiki_link
Elfi di Dor,Hultuaar,wiki_link
Elfi di Dor,Adzanaklorss,wiki_link
Elfi di Dor,Adzanaklorss,wiki_link
Elfi di Dor,Oruth,wiki_link
Elfi di Dor,Nuiwlf,wiki_link
Elfi di Dor,Xodrodoth,wiki_link
Elfi di Dor,klorss,wiki_link
Elfi di Dor,Elfi,wiki_link
Elfi di Dor,nani,wiki_link
Elfi di Dor,klorss,wiki_link
Elfi di Dor,klorss,wiki_link
Elfi di Dor,Elunas,wiki_link
Elfi di Dor,Nore Aad,wiki_link
Elfi di Dor,Meth,wiki_link
Elfi di Dor,Gundazar,wiki_link
Elfi di Dor,Nore Aad,wiki_link
Elfi di Dor,Nore Aad,wiki_link
Elfi di Dor,Gundazar,wiki_link
Elfi di Dor,klorss,wiki_link
Elfi di Dor,Città Torre di Meth,wiki_link
Elfi di Dor,elfi,wiki_link
Elfi di Dor,Magocrazia di Nü,wiki_link
Elfi di Dor,Dor,wiki_link
Elfi di Dor,elfi,wiki_link
Elfi di Dor,Città di Nü,wiki_link
Elfi di Dor,elfi,wiki_link
Elfi di Dor,elfi,wiki_link
Elfi di Dor,Dor,wiki_link
Elfi di Dor,elfi,wiki_link
Elfi di Dor,elfi,wiki_link
Elfi di Dor,elfi,wiki_link
Elfi di Dor,elfi di Dor,wiki_link
Elfi di Dor,elfi,wiki_link
Elfi di Dor,elfi,wiki_link
Elfi di Dor,Lanie,wiki_link
Elfi di Dor,elfi,wiki_link
Elfi di Dor,Halthea,wiki_link
Elfi di Dor,Garod,wiki_link
Elfi di Dor,elfi,wiki_link
Elfi di Dor,Iliar,wiki_link
Elfi di Dor,Glumdrung,wiki_link
Elfi di Dor,Lurtan,wiki_link
Hjilaki,vampiri,wiki_link
Hjilaki,karevi,wiki_link
Hjilaki,karevi,wiki_link
Hjilaki,vampiri,wiki_link
Hjilaki,vampiri,wiki_link
Hjilaki,Neir,wiki_link
Hjilaki,01_Lore/Razze_e_Popoli/Vampiro,wiki_link
Hjilaki,01_Lore/Razze_e_Popoli/Vampiro,wiki_link
Hjilaki,hjilaki,wiki_link
Vampiro,hjilaki,wiki_link
Vampiro,hjilaki,wiki_link
Vampiro,hjilaki,wiki_link
Vampiro,hjilaki,wiki_link
Vampiro,Dominio delle Trame,wiki_link
Vampiro,hjilaki,wiki_link
Vera Magia,Nebvarasa,wiki_link
Vera Magia,Dimensione dello Spirito,wiki_link
Vera Magia,Dimensione della Materia,wiki_link
Vera Magia,Vetta delle Anime,wiki_link
Vera Magia,Nebvarasa,wiki_link
Vera Magia,Yolam'hra,wiki_link
Vera Magia,Hadaknaton,wiki_link
Vera Magia,Zuyndar,wiki_link
Vera Magia,Dimensione della Materia,wiki_link
Vera Magia,Rengaria,wiki_link
Ali del Radioso Martirio,Pasted image 20260712014522.png,wiki_link
Ali del Radioso Martirio,Fadranstaff,wiki_link
Ali del Radioso Martirio,Garod,wiki_link
Ali del Radioso Martirio,Fadranstaff,wiki_link
Amuleto dell'Investigatore,Rengaria,wiki_link
Anelli degli Elementi,Pasted image 20260712140604.png,wiki_link
Anelli degli Elementi,Neir,wiki_link
Balestre della Vita e della Morte,Pasted image 20260712140552.png,wiki_link
Balestre della Vita e della Morte,Hedd,wiki_link
Bastone della Misericordia,Pasted image 20260712140541.png,wiki_link
Bastone della Misericordia,Fadranstaff,wiki_link
Bastone della Misericordia,Rengaria,wiki_link
Bastone della Misericordia,Dimensione della Materia,wiki_link
Bestia Sacra Eneli,Pasted image 20260712122123.png,wiki_link
Bestia Sacra Eneli,Nebvarasa,wiki_link
Bestia Sacra Eneli,Lurtan,wiki_link
Binocolo della Preveggenza,Pasted image 20260712140520.png,wiki_link
Binocolo della Preveggenza,Doomkhan,wiki_link
Bracciale dell'Oltredove,Pasted image 20260712133935.png,wiki_link
Bracciale dell'Oltredove,Dimensione della Materia,wiki_link
Bracciale dell'Oltredove,Zuyndar,wiki_link
Bracciale delle Molte Forme,Pasted image 20260712133843.png,wiki_link
Bracciale Sulfureo,Pasted image 20260712134221.png,wiki_link
Bracciale Sulfureo,Tenebris,wiki_link
Bracciale Sulfureo,Garod,wiki_link
Bracciale Sulfureo,Dimensione della Materia,wiki_link
Chevya' La Bestia,Pasted image 20260712135136.png,wiki_link
Chevya' La Bestia,Halthea,wiki_link
Chevya' La Bestia,Neir,wiki_link
Chevya' La Bestia,Nuzagaal,wiki_link
Collana del Distruttore,Pasted image 20260712140006.png,wiki_link
Collana del Distruttore,Nuzagaal,wiki_link
Collana del Distruttore,Nuzagaal,wiki_link
Collana del Mutaforma,Pasted image 20260712140244.png,wiki_link
Cormaglio,Pasted image 20260712140924.png,wiki_link
Cuore Divino,Dimensione della Materia,wiki_link
Demone X,Pasted image 20260712141553.png,wiki_link
Demone X,Neir,wiki_link
Dozhdboli il Nero Flagello,Pasted image 20260712142508.png,wiki_link
Dozhdboli il Nero Flagello,Garod,wiki_link
Dozhdboli il Nero Flagello,Garod,wiki_link
Dustsceawung,Nebvarasa,wiki_link
Dustsceawung,Rionnag'hra,wiki_link
Dustsceawung,Rengaria,wiki_link
Dustsceawung,Rionnag'hra,wiki_link
Dustsceawung,Rionnag'hra,wiki_link
Dustsceawung,Rionnag'hra,wiki_link
Dustsceawung,Rionnag'hra,wiki_link
Egida del Rogo,Bakraag,wiki_link
Egida del Rogo,Dimensione dello Spirito,wiki_link
Egida del Rogo,Neir,wiki_link
Egida del Rogo,Belzifer,wiki_link
Egida del Rogo,Bakraag,wiki_link
Egida del Rogo,Bakraag,wiki_link
Elmo del Fante Demoniaco,Demien,wiki_link
Elmo di Gwynplaine,Pasted image 20260712144725.png,wiki_link
Elmo di Gwynplaine,Demien,wiki_link
Elmo di Gwynplaine,Demien,wiki_link
Elmo di Gwynplaine,Demien,wiki_link
Elmo di Gwynplaine,Neir,wiki_link
Elmo di Gwynplaine,Neir,wiki_link
Fante Demoniaco,Pasted image 20260712145107.png,wiki_link
Fante Demoniaco,Elmo del Fante Demoniaco,wiki_link
Foglia di Iliar,Iliar,wiki_link
Foglia di Iliar,elfi,wiki_link
Foglia di Iliar,Neir,wiki_link
Foglia di Iliar,Iliar,wiki_link
Foglia di Iliar,Iliar,wiki_link
Foglia di Iliar,Iliar,wiki_link
Foglia di Iliar,Iliar,wiki_link
Foglia di Iliar,Iliar,wiki_link
Foglia di Iliar,Iliar,wiki_link
Foglia di Iliar,Iliar,wiki_link
Frullatore (danneggiato),Pasted image 20260712183613.png,wiki_link
Frusta Fiammeggiante,Pasted image 20260712184002.png,wiki_link
Frusta Fiammeggiante,Tenebris,wiki_link
Frusta Fiammeggiante,Città Senza Nome,wiki_link
Frusta Fiammeggiante,Neir,wiki_link
Frusta Fiammeggiante,karevi,wiki_link
Frusta Fiammeggiante,Bakraag,wiki_link
Frusta Fiammeggiante,Unthamarand,wiki_link
Gemma del Mana Perpetuo,klorss,wiki_link
Gemma del Mana Perpetuo,Dor,wiki_link
Gemma del Mana Perpetuo,elfi,wiki_link
Gemma del Mana Perpetuo,elfi,wiki_link
Gemma del Mana Perpetuo,Città Torre di Meth,wiki_link
Gemma del Mana Perpetuo,klorss,wiki_link
Gemma del Mana Perpetuo,Reame di Dor,wiki_link
Infallibile Cristallo del Fato,Doomkhan,wiki_link
Infallibile Cristallo del Fato,Notte Eterna,wiki_link
Infallibile Cristallo del Fato,Gundazar,wiki_link
K'idusi Seyifi Mak'at'eli,Laon,wiki_link
K'idusi Seyifi Mak'at'eli,Guerra Celeste,wiki_link
K'idusi Seyifi Mak'at'eli,Fadranstaff,wiki_link
K'idusi Seyifi Mak'at'eli,Laon,wiki_link
Kanptazu,Laon,wiki_link
Kanptazu,Demien,wiki_link
Kanptazu,Demien,wiki_link
Kanptazu,Neir,wiki_link
Kanptazu,Laon,wiki_link
Kanptazu,Rengaria,wiki_link
La Senza Peso,Pasted image 20260713135452.png,wiki_link
La Senza Peso,Laon,wiki_link
La Senza Peso,Laon,wiki_link
La Senza Peso,Dimensione della Materia,wiki_link
Lacrime Celesti,Neir,wiki_link
Lacrime Celesti,Rengaria,wiki_link
Lacrime Celesti,Neir,wiki_link
Lama del Sacro Ordine,Pasted image 20260713170124.png,wiki_link
Lama del Sacro Ordine,Halthea,wiki_link
Lama del Sacro Ordine,Halthea,wiki_link
Lama del Sacro Ordine,Neir,wiki_link
Lancia Angelica,Pasted image 20260713170412.png,wiki_link
Lanterna del Becchino,Principato di Darkflame,wiki_link
Lanterna del Becchino,Krea,wiki_link
Lanterna del Becchino,Città Senza Nome,wiki_link
Lanterna del Becchino,Dimensione dello Spirito,wiki_link
Lenti dell'Archivista,Pasted image 20260713170809.png,wiki_link
Malia dell'Infido Gatto,Maskarr,wiki_link
Malia dell'Infido Gatto,Maskarr,wiki_link
Malia dell'Infido Gatto,Maskarr,wiki_link
Malia dell'Infido Gatto,Maskarr,wiki_link
Malia dell'Infido Gatto,Maskarr,wiki_link
Mano di Krea,Pasted image 20260713171358.png,wiki_link
Mano di Krea,Rengaria,wiki_link
Mano di Krea,Maskarr,wiki_link
Mano di Krea,Krea,wiki_link
Mano di Krea,Maskarr,wiki_link
Mano di Krea,Krea,wiki_link
Mano di Krea,Rengaria,wiki_link
Mano di Krea,Maskarr,wiki_link
Mano di Krea,Krea,wiki_link
Mano di Krea,Dimensione della Materia,wiki_link
Mano di Krea,Neir,wiki_link
Mano di Krea,Krea,wiki_link
Mano di Krea,Neir,wiki_link
Mano di Krea,Neir,wiki_link
Mano di Krea,cacciatori di meteore,wiki_link
Mano di Krea,Krea,wiki_link
Mano di Krea,Krea,wiki_link
Mano di Krea,Maskarr,wiki_link
Mano di Krea,Krea,wiki_link
Mano di Krea,Maskarr,wiki_link
Mano di Krea,Krea,wiki_link
Mano di Krea,Tempio di Krea,wiki_link
Mano di Krea,Darkflame,wiki_link
Mano di Krea,Krea,wiki_link
Mano di Krea,Krea,wiki_link
Mano di Krea,Burocrate Infernale,wiki_link
Mano di Krea,Krea,wiki_link
Mano di Krea,Dimensione della Materia,wiki_link
Mano di Krea,Maskarr,wiki_link
Mano di Krea,Maskarr,wiki_link
Mano di Krea,Krea,wiki_link
Mantello dei Venti,Adraoos,wiki_link
Mantello dei Venti,Neir,wiki_link
Mantello dell'Inconsistenza,Pasted image 20260713181806.png,wiki_link
Matna e la Scatola,Pasted image 20260713182245.png,wiki_link
Matna e la Scatola,gemma del mana perpetuo,wiki_link
Matna e la Scatola,Città Senza Nome,wiki_link
Matna e la Scatola,Tenebris,wiki_link
Mercanti di Meteore,Neir,wiki_link
Mercanti di Meteore,Guerra Celeste,wiki_link
Mercanti di Meteore,Meteore,wiki_link
Mercanti di Meteore,Neir,wiki_link
Mercanti di Meteore,Rengaria,wiki_link
Mercanti di Meteore,cacciatori di meteore,wiki_link
Nindja,Pasted image 20260713182303.png,wiki_link
Nindja,Yolandi,wiki_link
Nindja,Yolandi,wiki_link
Nindja,Demien,wiki_link
Nindja,Yolandi,wiki_link
Nindja,Yolandi,wiki_link
Nindja,Yolandi,wiki_link
Occhio del Demone,Pasted image 20260713183122.png,wiki_link
Occhio del Demone,Cacciatore di Meteore,wiki_link
Occhio del Demone,Neir,wiki_link
Occhio del Demone,Rengaria,wiki_link
Occhio del Demone,Neir,wiki_link
Occhio del Demone,Cacciatore di Meteore,wiki_link
Oppressione Demoniaca,Pasted image 20260713183854.png,wiki_link
Osservatore Celeste,Pasted image 20260713184300.png,wiki_link
Prima Lucis Advehens,Pasted image 20260713185101.png,wiki_link
Prima Lucis Advehens,Laon,wiki_link
Prima Lucis Advehens,Neir,wiki_link
Prima Lucis Advehens,Ghaeler,wiki_link
Prima Lucis Advehens,Ghaeler,wiki_link
Prima Lucis Advehens,Laon,wiki_link
Prima Lucis Advehens,Dominio delle Trame,wiki_link
Psy Bot,Pasted image 20260713184520.png,wiki_link
Psy Bot,Pasted image 20260713184530.png,wiki_link
Psy Bot,Doomkhan,wiki_link
Putto,Pasted image 20260713185502.png,wiki_link
Putto,Azkabel,wiki_link
Putto,Rengaria,wiki_link
Putto,Rengaria,wiki_link
Sfida Celeste,Garod,wiki_link
Sfida Celeste,Neir,wiki_link
Sfida Celeste,Garod,wiki_link
Sfida Celeste,Laon,wiki_link
Sfida Celeste,Neir,wiki_link
Sfida Celeste,Halthea,wiki_link
Teschio del Traditore,Pasted image 20260713185941.png,wiki_link
Teschio del Traditore,Guerra Celeste,wiki_link
Teschio del Traditore,Neir,wiki_link
Teschio del Traditore,Dimensione della Materia,wiki_link
Teschio del Traditore,Rengaria,wiki_link
Tibia di Jonuun,Nuzagaal,wiki_link
Tibia di Jonuun,giganti,wiki_link
Tibia di Jonuun,Guerra Celeste,wiki_link
Tibia di Jonuun,Neir,wiki_link
Tibia di Jonuun,Jonuun,wiki_link
Tibia di Jonuun,Guerra Celeste,wiki_link
Tibia di Jonuun,Nuzagaal,wiki_link
Tibia di Jonuun,Agmund,wiki_link
Tibia di Jonuun,Neir,wiki_link
Tibia di Jonuun,Jonuun,wiki_link
Tridente del Mare Eterno,Pasted image 20260713190340.png,wiki_link
Tridente del Mare Eterno,Glumdrung,wiki_link
Tridente del Mare Eterno,Neir,wiki_link
Yolandi,Pasted image 20260713190638.png,wiki_link
Yolandi,Nindja,wiki_link
Yolandi,Nindja,wiki_link
Yolandi,Nindja,wiki_link
Cratere di Lava,urakian,wiki_link
Cratere di Lava,Lanie,wiki_link
Distese Nuvolose di Aej'Nagrizzt,Rengaria,wiki_link
Distese Nuvolose di Aej'Nagrizzt,urakian,wiki_link
Placido Specchio di Ghyd,urakian,wiki_link
Città delle Trame,Piscine,wiki_link
Città delle Trame,Obelisco dei Vinti,wiki_link
Città delle Trame,Mercato degli Schiavi,wiki_link
Città delle Trame,Cancello,wiki_link
Città delle Trame,Segrete,wiki_link
Città delle Trame,Reggia dei Piaceri,wiki_link
Landa di Edeber,Öuin,wiki_link
Landa di Edeber,klorss,wiki_link
Landa di Edeber,Neir,wiki_link
Landa di Edeber,Neir,wiki_link
Landa di Edeber,Radura delle Pietre Grigie,wiki_link
Öuin,Palazzo Ducale,wiki_link
Öuin,Piazza della Giostra,wiki_link
Öuin,Sala dei Gran Maestri,wiki_link
Öuin,Riposo dei Cavalieri,wiki_link
Öuin,Molo,wiki_link
Öuin,Ponte Curvo,wiki_link
Öuin,Locanda degli Eroi,wiki_link
Öuin,Tempio del Cuore e della Mente,wiki_link
Gundazar,Il Palazzo Imperiale,wiki_link
Gundazar,La Torre delle Anime,wiki_link
Gundazar,Aman'Raith,wiki_link
Gundazar,Aman'Raith,wiki_link
Kkyrlamny,Neir,wiki_link
Kkyrlamny,karevi,wiki_link
Kkyrlamny,Giungla di Erth,wiki_link
Kkyrlamny,Lago Vurur,wiki_link
Kkyrlamny,Miniere delle Otto Famiglie,wiki_link
Kkyrlamny,Hzaad'à,wiki_link
Kkyrlamny,Fiume Dern,wiki_link
Kkyrlamny,Ynxazvann,wiki_link
Kkyrlamny,Gloriosa Ezakran,wiki_link
Provincia di Petralta,Abisso Oscuro,wiki_link
Provincia di Petralta,Baia di Redoro,wiki_link
Provincia di Petralta,Fato di Lyonel,wiki_link
Provincia di Petralta,Petralta,wiki_link
Provincia di Petralta,Manor,wiki_link
Mendulia's Rock,Rupe di Mendulia,wiki_link
Mendulia's Rock,Molo degli Stendardi,wiki_link
Mendulia's Rock,Rifugio dei Marinai,wiki_link
Mendulia's Rock,Base della Marina,wiki_link
Mendulia's Rock,Banco del Mare,wiki_link
Mendulia's Rock,Ippodromo,wiki_link
Mendulia's Rock,Corporazione delle Arti,wiki_link
Mendulia's Rock,Tana delle Sguattere,wiki_link
Mendulia's Rock,Bassifondi,wiki_link
Mendulia's Rock,Tempio della Guarigione,wiki_link
Mendulia's Rock,Accademia delle Sette Arti,wiki_link
Mendulia's Rock,Scuola delle Parole che Uccidono,wiki_link
Mendulia's Rock,Teatro dei Sogni,wiki_link
Baia d'Argento di Onor,Cimitero dei Draghi,wiki_link
Bosco di Alysara,Elfi,wiki_link
Bosco di Alysara,Azkabel,wiki_link
Bosco di Alysara,Magocrazia di Nü,wiki_link
Bosco di Alysara,Elfi,wiki_link
Bosco di Alysara,Mendulia's Rock,wiki_link
Bosco di Alysara,Neir,wiki_link
Cimitero dei Draghi,Larass'hra,wiki_link
Cimitero dei Draghi,Nebvarasa,wiki_link
Desolazione Occidentale,Neir,wiki_link
Isole Gemelle,Desolazione Occidentale,wiki_link
Montagna dell'Occhio del Drago,Leresalazsnn'hra,wiki_link
Montagna dell'Occhio del Drago,Cenere di Lanie,wiki_link
Regione Mistica,Vetta delle Anime,wiki_link
Regione Mistica,Vetta delle Anime,wiki_link
Regione Mistica,Picchi del Wyrm,wiki_link
Terra di Ambra,Neir,wiki_link
Terra di Ambra,Canzone di Nebvarasa,wiki_link
Terra di Ambra,Leresalazsnn'hra,wiki_link
Vetta delle Anime,Nebvarasa,wiki_link
Vetta delle Anime,Nebvarasa,wiki_link
Azkabel,elfi,wiki_link
Azkabel,wiloi,wiki_link
Azkabel,Neir,wiki_link
Azkabel,elfi,wiki_link
Azkabel,wiloi,wiki_link
Azkabel,wiloi,wiki_link
Azkabel,wiloi,wiki_link
Azkabel,elfi,wiki_link
Azkabel,wiloi,wiki_link
Azkabel,Neir,wiki_link
Azkabel,Casa dei Musici e delle Belle Arti,wiki_link
Azkabel,Biblioteca di Azkabel,wiki_link
Azkabel,Osteria dell'Onda Infranta,wiki_link
Città di Nü,wiloi,wiki_link
Città di Nü,elfi,wiki_link
Città di Nü,Magocrazia di Nü,wiki_link
Città di Nü,Daragoss,wiki_link
Città di Nü,Elfi di Dor,wiki_link
Città di Nü,Azkabel,wiki_link
Città di Nü,Torre dei Segreti,wiki_link
Città di Nü,Locanda della Pergamena Annacquata,wiki_link
Città di Nü,Accademia Magica di Nü,wiki_link
Città di Nü,Locanda delle Spade Incantate,wiki_link
Città di Nü,Doomkhan,wiki_link
Daragoss,wiloi,wiki_link
Daragoss,Elfi,wiki_link
Daragoss,Città di Nü,wiki_link
Daragoss,Azkabel,wiki_link
Daragoss,Daragoss,wiki_link
Daragoss,Neir,wiki_link
Daragoss,Via delle Botteghe,wiki_link
Daragoss,Università delle Scienze,wiki_link
Daragoss,Museo Naturale,wiki_link
Daragoss,Caserma delle Mille Lance,wiki_link
Daragoss,Grande Porto,wiki_link
Giardino degli Dei,Città delle Trame,wiki_link
Le Mura Invalicabili,urakian,wiki_link
Le Mura Invalicabili,Forte Arundex,wiki_link
Piramide del Dio Dimenticato,elfi,wiki_link
Piramide del Dio Dimenticato,Neir,wiki_link
Scuola degli Specchi,Neir,wiki_link
Scuola degli Specchi,Sagister,wiki_link
Scuola degli Specchi,Piramide del Dio Dimenticato,wiki_link
Scuola degli Specchi,Doomkhan,wiki_link
Milford,Dominio delle Trame,wiki_link
Milford,Pianure di Xanesh,wiki_link
Milford,halfling,wiki_link
Milford,halfling,wiki_link
Milford,halfling,wiki_link
Milford,Fortino del Conte,wiki_link
Milford,Locanda dell'Eterno Riposo,wiki_link
Milford,Iliar,wiki_link
Milford,Krea,wiki_link
Mubunash,Mendulia's Rock,wiki_link
Mubunash,Tenebris,wiki_link
Mubunash,Oscura Chiesa di Tenebris,wiki_link
Mubunash,Torre Baronale,wiki_link
Mubunash,Locanda del Cappuccio Nero,wiki_link
Mubunash,Corporazione degli Archivisti,wiki_link
Mubunash,Tempietto degli Ospedalieri,wiki_link
Mubunash,Terme Imperiali,wiki_link
Mubunash,Via degli Imperatori,wiki_link
Mubunash,Monteforte,wiki_link
Mubunash,Neir,wiki_link
Forte Arundex,Neir,wiki_link
Forte Arundex,Bastione Grigio,wiki_link
Forte Arundex,Arena delle Belve,wiki_link
Forte Arundex,Tempio degli Antenati,wiki_link
Forte Arundex,Guarnigione del Simbolo Guerriero,wiki_link
Forte Arundex,Antro dei Lupi d'Inverno,wiki_link
Forte Arundex,Lago delle Quattro Braccia,wiki_link
Forte Arundex,Forte Arundex,wiki_link
Forte Arundex,Doomkhan,wiki_link
Campo Geyser,Valle Nuvolosa,wiki_link
Campo Geyser,Nani,wiki_link
Ludreq,Fonderia del Principe,wiki_link
Ludreq,Bastione del Principe,wiki_link
Ludreq,Fondo di Guldann,wiki_link
Ludreq,Fortezza degli Scudi,wiki_link
Ludreq,Santuario di Fadranstaff,wiki_link
Ludreq,Collegio,wiki_link
Ludreq,Birreria dei Thunder,wiki_link
Pahr,Ludreq,wiki_link
Pahr,selva infestata di Mysteria,wiki_link
Selva Infestata di Mysteria,elfi,wiki_link
Selva Infestata di Mysteria,klorss,wiki_link
Selva Infestata di Mysteria,klorss,wiki_link
Selva Infestata di Mysteria,klorss,wiki_link
Selva Infestata di Mysteria,klorss,wiki_link
Cancello,Città delle Trame,wiki_link
Mercato degli Schiavi,karevi,wiki_link
Mercato degli Schiavi,urakian,wiki_link
Mercato degli Schiavi,elfi\,wiki_link
Mercato degli Schiavi,halfling,wiki_link
Mercato degli Schiavi,gnomi\,wiki_link
Mercato degli Schiavi,orchi\,wiki_link
Mercato degli Schiavi,karevi,wiki_link
Mercato degli Schiavi,umani\,wiki_link
Obelisco dei Vinti,Città delle Trame,wiki_link
Reggia dei Piaceri,Città delle Trame,wiki_link
Reggia dei Piaceri,Neir,wiki_link
Reggia dei Piaceri,Namass'rya,wiki_link
Reggia dei Piaceri,Agan,wiki_link
Reggia dei Piaceri,Namass'rya,wiki_link
Reggia dei Piaceri,Namass'rya,wiki_link
Reggia dei Piaceri,Namass'rya,wiki_link
Reggia dei Piaceri,Agan,wiki_link
Segrete,Namass'rya,wiki_link
Segrete,Dominio delle Trame,wiki_link
Segrete,Matrona di Sangue,wiki_link
Locanda degli Eroi,Öuin,wiki_link
Locanda degli Eroi,Valle Nuvolosa,wiki_link
Molo,Città di Nü,wiki_link
Molo,Landa di Edeber,wiki_link
Molo,Öuin,wiki_link
Molo,Mendulia's Rock,wiki_link
Molo,Öuin,wiki_link
Molo,Daragoss,wiki_link
Palazzo Ducale,Piazza della Giostra,wiki_link
Ponte Curvo,Öuin,wiki_link
Riposo dei Cavalieri,Öuin,wiki_link
Riposo dei Cavalieri,Laon,wiki_link
Sala dei Gran Maestri,Öuin,wiki_link
Sala dei Gran Maestri,Agan,wiki_link
Sala dei Gran Maestri,Öuin,wiki_link
Sala dei Gran Maestri,Öuin,wiki_link
Sala dei Gran Maestri,Lewyn,wiki_link
Aman'Raith,Gundazar,wiki_link
Aman'Raith,Valle Nuvolosa,wiki_link
Aman'Raith,Verde Foresta,wiki_link
Aman'Raith,Aman'Raith,wiki_link
Aman'Raith,Gundazar,wiki_link
Aman'Raith,Aman'Raith,wiki_link
Aman'Raith,Aman'Raith,wiki_link
La Torre delle Anime,Mendulia's Rock,wiki_link
La Torre delle Anime,Neir,wiki_link
Fiume Dern,Kkyrlamny,wiki_link
Fiume Dern,Valli dei Giganti,wiki_link
Fiume Dern,Abisso Oscuro,wiki_link
Gloriosa Ezakran,karevi,wiki_link
Gloriosa Ezakran,Impero delle Terre Nascoste,wiki_link
Gloriosa Ezakran,karevi,wiki_link
Gloriosa Ezakran,karevi,wiki_link
Gloriosa Ezakran,Kkyrlamny,wiki_link
Gloriosa Ezakran,Hzaad'à,wiki_link
Gloriosa Ezakran,Tempio della Luce Nera,wiki_link
Gloriosa Ezakran,Palazzo-sfera dell'Imperatore,wiki_link
Gloriosa Ezakran,Giardinetti Lungofiume,wiki_link
Gloriosa Ezakran,Quartiere Mendus,wiki_link
Gloriosa Ezakran,Quartiere Hjilaki,wiki_link
Gloriosa Ezakran,Quartiere Zeyd,wiki_link
Gloriosa Ezakran,Ritrovo dei Dannati,wiki_link
Hzaad'à,karevi,wiki_link
Hzaad'à,Kkyrlamny,wiki_link
Hzaad'à,Petralta,wiki_link
Hzaad'à,karevi,wiki_link
Hzaad'à,Garod,wiki_link
Lago Vurur,Giungla di Erth,wiki_link
Lago Vurur,Neir,wiki_link
Lago Vurur,karevi,wiki_link
Ynxazvann,Giungla di Erth,wiki_link
Ynxazvann,Giungla di Erth,wiki_link
Abisso Oscuro,Neir,wiki_link
Abisso Oscuro,Hzaad'à,wiki_link
Abisso Oscuro,wiloi,wiki_link
Baia di Redoro,Neir,wiki_link
Baia di Redoro,Neir,wiki_link
Baia di Redoro,Provincia di Petralta,wiki_link
Baia di Redoro,Repubblica di Mendulia’s Rock,wiki_link
Baia di Redoro,Neir,wiki_link
Fato di Lyonel,Baia di Redoro,wiki_link
Fato di Lyonel,Neir,wiki_link
Fato di Lyonel,Gundazar,wiki_link
Manor,Impero delle Terre Nascoste,wiki_link
Manor,Neir,wiki_link
Manor,Cenere di Lanie,wiki_link
Manor,karevi,wiki_link
Manor,urakian,wiki_link
Manor,karevi,wiki_link
Manor,urakian,wiki_link
Petralta,Gundazar,wiki_link
Petralta,Gloriosa Ezakran,wiki_link
Petralta,Abisso Oscuro,wiki_link
Petralta,Manor,wiki_link
Petralta,Baia di Redoro,wiki_link
Petralta,Mendulia's Rock,wiki_link
Petralta,Fiera Avveniristica di Flurr lo Gnomo,wiki_link
Petralta,Porticato del Governatore,wiki_link
Petralta,Ostello dei Morti Contenti,wiki_link
Petralta,Ospedale del Silenzio,wiki_link
Petralta,I Bianchi Sepolcri,wiki_link
Petralta,Mura di Aeros II,wiki_link
Giardinetti Lungofiume,karevi,wiki_link
Giardinetti Lungofiume,Gloriosa Ezakran,wiki_link
Giardinetti Lungofiume,Gloriosa Ezakran,wiki_link
Palazzo-sfera dell'Imperatore,Neir,wiki_link
Palazzo-sfera dell'Imperatore,Larass'hra,wiki_link
Palazzo-sfera dell'Imperatore,Impero delle Terre Nascoste,wiki_link
Quartiere Hjilaki,Gloriosa Ezakran,wiki_link
Quartiere Hjilaki,Giardinetti Lungofiume,wiki_link
Quartiere Hjilaki,karevi,wiki_link
Quartiere Hjilaki,Gloriosa Ezakran,wiki_link
Quartiere Mendus,Impero delle Terre Nascoste,wiki_link
Quartiere Mendus,Mendulia's Rock,wiki_link
Quartiere Mendus,Impero delle Terre Nascoste,wiki_link
Quartiere Mendus,Impero delle Terre Nascoste,wiki_link
Quartiere Mendus,Gloriosa Ezakran,wiki_link
Quartiere Mendus,karevi,wiki_link
Quartiere Mendus,Petralta,wiki_link
Quartiere Zeyd,karevi,wiki_link
Ritrovo dei Dannati,karevi,wiki_link
Ritrovo dei Dannati,Prescelti dalle Tenebre,wiki_link
Ritrovo dei Dannati,Prescelti dalle Tenebre,wiki_link
Ritrovo dei Dannati,Prescelti dalle Tenebre,wiki_link
Ritrovo dei Dannati,Prescelti dalle Tenebre,wiki_link
Ritrovo dei Dannati,Gloriosa Ezakran,wiki_link
Tempio della Luce Nera,Neir,wiki_link
Tempio della Luce Nera,M'oraoork,wiki_link
Fiera Avveniristica di Flurr lo Gnomo,Petralta,wiki_link
I Bianchi Sepolcri,Petralta,wiki_link
I Bianchi Sepolcri,Petralta,wiki_link
Ospedale del Silenzio,Petralta,wiki_link
Ostello dei Morti Contenti,Petralta,wiki_link
Porticato del Governatore,Petralta,wiki_link
Porticato del Governatore,Petralta,wiki_link
Banco del Mare,Neir,wiki_link
Banco del Mare,Daragoss,wiki_link
Banco del Mare,Mendulia's Rock,wiki_link
Banco del Mare,Neir,wiki_link
Banco del Mare,Mendulia's Rock,wiki_link
Bassifondi,Dardi Sanguinanti,wiki_link
Ippodromo,Mendulia's Rock,wiki_link
Ippodromo,Neir,wiki_link
Molo degli Stendardi,Mendulia's Rock,wiki_link
Rifugio dei Marinai,orchi,wiki_link
Rifugio dei Marinai,urakian,wiki_link
Rifugio dei Marinai,halfling,wiki_link
Rifugio dei Marinai,Umani,wiki_link
Rifugio dei Marinai,Elfi,wiki_link
Rifugio dei Marinai,wiloi,wiki_link
Rifugio dei Marinai,karevi,wiki_link
Rifugio dei Marinai,gnomo,wiki_link
Rifugio dei Marinai,Azkabel,wiki_link
Rifugio dei Marinai,Molo degli Stendardi,wiki_link
Scuola delle Parole che Uccidono,Mendulia's Rock,wiki_link
Tana delle Sguattere,Orchi,wiki_link
Tempio della Guarigione,Fadranstaff,wiki_link
Tempio della Guarigione,Mendulia's Rock,wiki_link
Biblioteca di Azkabel,Yolam'hra,wiki_link
Casa dei Musici e delle Belle Arti,elfi,wiki_link
Osteria dell'Onda Infranta,Azkabel,wiki_link
Accademia Magica di Nü,Neir,wiki_link
Locanda della Pergamena Annacquata,Accademia Magica di Nü,wiki_link
Locanda della Pergamena Annacquata,yamyam,wiki_link
Caserma delle Mille Lance,Magocrazia di Nü,wiki_link
Caserma delle Mille Lance,Daragoss,wiki_link
Grande Porto,Magocrazia di Nü,wiki_link
Grande Porto,Daragoss,wiki_link
Grande Porto,Magocrazia di Nü,wiki_link
Museo Naturale,Università delle Scienze,wiki_link
Università delle Scienze,Accademia Magica di Nü,wiki_link
Università delle Scienze,Daragoss,wiki_link
Via delle Botteghe,Daragoss,wiki_link
Fortino del Conte,Annie Rose-Robe,wiki_link
Fortino del Conte,Fadranstaff,wiki_link
Locanda dell'Eterno Riposo,Neir,wiki_link
Locanda dell'Eterno Riposo,Milford,wiki_link
Corporazione degli Archivisti,Neir,wiki_link
Monteforte,Mubunash,wiki_link
Monteforte,Mubunash,wiki_link
Oscura Chiesa di Tenebris,Tenebris,wiki_link
Oscura Chiesa di Tenebris,Tenebris,wiki_link
Oscura Chiesa di Tenebris,Pianure di Xanesh,wiki_link
Tempietto degli Ospedalieri,Mubunash,wiki_link
Tempietto degli Ospedalieri,Fadranstaff,wiki_link
Terme Imperiali,Mubunash,wiki_link
Torre Baronale,Tenebris,wiki_link
Torre Baronale,Tenebris,wiki_link
Torre Baronale,Oscura Chiesa di Tenebris,wiki_link
Via degli Imperatori,Gundazar,wiki_link
Via degli Imperatori,Pianure di Xanesh,wiki_link
Via degli Imperatori,Tenebris,wiki_link
Antro dei Lupi d'Inverno,Neir,wiki_link
Antro dei Lupi d'Inverno,Dardi Sanguinanti,wiki_link
Antro dei Lupi d'Inverno,Forte Arundex,wiki_link
Antro dei Lupi d'Inverno,karevi,wiki_link
Bastione Grigio,Forte Arundex,wiki_link
Guarnigione del Simbolo Guerriero,Orgnornor,wiki_link
Tempio degli Antenati,Forte Arundex,wiki_link
Bastione del Principe,Valle Nuvolosa,wiki_link
Collegio,nani,wiki_link
Fonderia del Principe,nani,wiki_link
Fondo di Guldann,Impero delle Terre Nascoste,wiki_link
Fondo di Guldann,Neir,wiki_link
Fortezza degli Scudi,Fondo di Guldann,wiki_link
Santuario di Fadranstaff,Ludreq,wiki_link
Santuario di Fadranstaff,Fadranstaff,wiki_link
Archivista,gnoll,wiki_link
Archivista,bardi,wiki_link
Archivista,Neir,wiki_link
Archivista,Mubunash,wiki_link
Archivista,Neir,wiki_link
Archivista,Pianure di Xanesh,wiki_link
Background,Neir,wiki_link
Background,Neir,wiki_link
Background,Cacciatore di Meteore,wiki_link
Background,Esmeraldia,wiki_link
Background,Mare Andante,wiki_link
Background,Baia di Redoro,wiki_link
Background,Dardi Sanguinanti,wiki_link
Background,Archivista,wiki_link
Background,Cacciatore di Meteore,wiki_link
Background,Dardo Sanguinante,wiki_link
Background,Mare Andante,wiki_link
Cacciatore di Meteore,Forte Arundex,wiki_link
Cacciatore di Meteore,urakian,wiki_link
Cacciatore di Meteore,karevi,wiki_link
Cacciatore di Meteore,wiloi,wiki_link
Cacciatore di Meteore,Neir,wiki_link
Cacciatore di Meteore,Rengaria,wiki_link
Cacciatore di Meteore,Dimensione della Materia,wiki_link
Dardo Sanguinante,Neir,wiki_link
Mare Andante,Mendulia's Rock,wiki_link
Mare Andante,Gilda del Gonfalone Azzurro,wiki_link
Mare Andante,Neir,wiki_link
Mare Andante,Gonfalone,wiki_link
Mare Andante,Mendulia's Rock,wiki_link
Mare Andante,Gonfalone Azzurro,wiki_link
Mare Andante,Neir,wiki_link
Mare Andante,Mendulia's Rock,wiki_link
Mare Andante,Mendulia's Rock,wiki_link
Mare Andante,Neir,wiki_link
Arcana,Custode delle Rune,wiki_link
Arcana,Libera il Caos,wiki_link
Arcana,Cammino sulle Pareti,wiki_link
Arcana,Presa Cinerea,wiki_link
Arcana,Occhio Fluttuante,wiki_link
Arcana,ControIncantesimo,wiki_link
Arcana,Volo,wiki_link
Arcana,Sparizione,wiki_link
Arcana,Esplosione di Conservazione,wiki_link
Arcana,Catena di Fulmini,wiki_link
Arcana,Premonizione,wiki_link
Arcana,Camminatore di Fessura,wiki_link
Arcana,Telecinesi,wiki_link
Arcana,Toccato dall'Arcano,wiki_link
Arcana,Esplosione Ammantata,wiki_link
Arcana,Riflesso Arcano,wiki_link
Arcana,Aura Confondente,wiki_link
Arcana,Terremoto,wiki_link
Arcana,Proiezione Sensoriale,wiki_link
Arcana,Regola la Realtà,wiki_link
Arcana,Cieli che Cadono,wiki_link
Codice,Bard,wiki_link
Codice,Wizard,wiki_link
Codice,Libro di Ava,wiki_link
Codice,Libro di Illiat,wiki_link
Codice,Libro di Tyfar,wiki_link
Codice,Libro di Sitil,wiki_link
Codice,Libro di Vagras,wiki_link
Codice,Libro di Korvax,wiki_link
Codice,Libro di Norai,wiki_link
Codice,Libro di Exota,wiki_link
Codice,Libro di Grynn,wiki_link
Codice,Muro Manifesto,wiki_link
Codice,Teletrasporto,wiki_link
Codice,Cacciare,wiki_link
Codice,Sigillo di Ritorsione,wiki_link
Codice,Libro di Homet,wiki_link
Codice,Toccato dal Codice,wiki_link
Codice,Libro di Vyola,wiki_link
Codice,Rifugio Sicuro,wiki_link
Codice,Libro di Ronin,wiki_link
Codice,Onda di Disintegrazione,wiki_link
Codice,Libro di Yarrow,wiki_link
Codice,Unione Trascendente,wiki_link
Domini delle Classi,Codice,wiki_link
Domini delle Classi,Grazia,wiki_link
Domini delle Classi,Arcana,wiki_link
Domini delle Classi,Saggio,wiki_link
Domini delle Classi,Lama,wiki_link
Domini delle Classi,Valore,wiki_link
Domini delle Classi,Ossa,wiki_link
Domini delle Classi,Saggio,wiki_link
Domini delle Classi,Grazia,wiki_link
Domini delle Classi,Mezzanotte,wiki_link
Domini delle Classi,Splendore,wiki_link
Domini delle Classi,Valore,wiki_link
Domini delle Classi,Arcana,wiki_link
Domini delle Classi,Mezzanotte,wiki_link
Domini delle Classi,Lama,wiki_link
Domini delle Classi,Ossa,wiki_link
Domini delle Classi,Codice,wiki_link
Domini delle Classi,Splendore,wiki_link
Grazia,Abile Inganno,wiki_link
Grazia,Estasi,wiki_link
Grazia,Parole d'Ispirazione,wiki_link
Grazia,Non Dire Mai Bugie,wiki_link
Grazia,PiantaGrane,wiki_link
Grazia,Velo Ipnotico,wiki_link
Grazia,Invisibilità,wiki_link
Grazia,Discorso Rassicurante,wiki_link
Grazia,Attraverso i Tuoi Occhi,wiki_link
Grazia,Scavatore di Pensieri,wiki_link
Grazia,Parole di Discordia,wiki_link
Grazia,Mai Sopraffatto,wiki_link
Grazia,Condividi il Carico,wiki_link
Grazia,Carisma Infinito,wiki_link
Grazia,Tocco della Grazia,wiki_link
Grazia,Proiezione Astrale,wiki_link
Grazia,Entusiasmo di Massa,wiki_link
Grazia,Imitatore,wiki_link
Grazia,Maestro dell'Arte,wiki_link
Grazia,Ripetizione,wiki_link
Grazia,Famoso,wiki_link
Lama,Guardian,wiki_link
Lama,Warrior,wiki_link
Lama,Rialzati,wiki_link
Lama,Non Abbastanza Buono,wiki_link
Lama,Vortice,wiki_link
Lama,Legame di un Soldato,wiki_link
Lama,Audace,wiki_link
Lama,Mischia,wiki_link
Lama,Combattente Versatile,wiki_link
Lama,Concentrazione Letale,wiki_link
Lama,Armatura Fortificata,wiki_link
Lama,Vantaggio del Campione,wiki_link
Lama,Vitalità,wiki_link
Lama,Rafforzato in Battaglia,wiki_link
Lama,Furia Crescente,wiki_link
Lama,Colpito dalla Lama,wiki_link
Lama,Colpo di Sfioramento,wiki_link
Lama,Grido di Battaglia,wiki_link
Lama,Frenesia,wiki_link
Lama,Sangue e Gloria,wiki_link
Lama,Colpo del Mietitore,wiki_link
Lama,Mostro da Battaglia,wiki_link
Lama,Assalto,wiki_link
MezzaNotte,Prendi e Tira,wiki_link
MezzaNotte,Pioggia di Lame,wiki_link
MezzaNotte,Travestimento Misterioso,wiki_link
MezzaNotte,Spirito di Mezzanotte,wiki_link
MezzaNotte,Legame dell'Ombra,wiki_link
MezzaNotte,Presa alla Gola,wiki_link
MezzaNotte,Velo Notturno,wiki_link
MezzaNotte,Esperto di Furtività,wiki_link
MezzaNotte,Glifo dell'Oscurità,wiki_link
MezzaNotte,Silenzio,wiki_link
MezzaNotte,Ritirata Fantasma,wiki_link
MezzaNotte,Sussurri Oscuri,wiki_link
MezzaNotte,Travestimento di Massa,wiki_link
MezzaNotte,Toccato dalla Mezzanotte,wiki_link
MezzaNotte,Schivata Elusiva,wiki_link
MezzaNotte,Cacciatore d'Ombre,wiki_link
MezzaNotte,Carica di Incantesimo,wiki_link
MezzaNotte,Terrore della Notte,wiki_link
MezzaNotte,Tassa del Crepuscolo,wiki_link
MezzaNotte,Eclissi,wiki_link
MezzaNotte,Spettro del Buio,wiki_link
Ossa,Manovre Agili,wiki_link
Ossa,Vedo Che Arriva,wiki_link
Ossa,Intoccabile,wiki_link
Ossa,Ferocia,wiki_link
Ossa,Approccio Strategico,wiki_link
Ossa,Rafforzamento,wiki_link
Ossa,Tattico,wiki_link
Ossa,Potenziamento,wiki_link
Ossa,Ridirezione,wiki_link
Ossa,Conosci il tuo nemico,wiki_link
Ossa,Mossa Caratteristica,wiki_link
Ossa,Risposta Rapida,wiki_link
Ossa,Recupero,wiki_link
Ossa,Toccando l'Osso,wiki_link
Ossa,Precisione Crudele,wiki_link
Ossa,Colpo di Rottura,wiki_link
Ossa,Controllare,wiki_link
Ossa,Sul Limite,wiki_link
Ossa,Colpo di Frantumazione,wiki_link
Ossa,Corsa verso la Morte,wiki_link
Ossa,Passo Rapido,wiki_link
Saggio,Druid,wiki_link
Saggio,Ranger,wiki_link
Saggio,Tracciatore Dotato,wiki_link
Saggio,Lingua della Natura,wiki_link
Saggio,Intrico Violento,wiki_link
Saggio,Evoca Sciame,wiki_link
Saggio,Famiglio della Natura,wiki_link
Saggio,Proiettile Corrosivo,wiki_link
Saggio,Fusto Maestoso,wiki_link
Saggio,Morsa Mortale,wiki_link
Saggio,Campo di Guarigione,wiki_link
Saggio,Pelle di Spine,wiki_link
Saggio,Fortezza Selvaggia,wiki_link
Saggio,Equidi Evocati,wiki_link
Saggio,Raccoglitore,wiki_link
Saggio,Tocco del Saggio,wiki_link
Saggio,Impulso Selvaggio,wiki_link
Saggio,Spiritelli della Foresta,wiki_link
Saggio,Barriera di Rigenerazione,wiki_link
Saggio,Santuario della Selva,wiki_link
Saggio,Dominio Vegetale,wiki_link
Saggio,Forza della Natura,wiki_link
Saggio,Tempesta,wiki_link
Splendore,Proiettile di Luce,wiki_link
Splendore,Tocco Riparatore,wiki_link
Splendore,Rassicurazione,wiki_link
Splendore,Ultime Parole,wiki_link
Splendore,Mani Curatrici,wiki_link
Splendore,Secondo Respiro,wiki_link
Splendore,Voce della Ragione,wiki_link
Splendore,Divinazione,wiki_link
Splendore,Vita Protetta,wiki_link
Splendore,Forma Materiale,wiki_link
Splendore,Colpo,wiki_link
Splendore,Ristoro,wiki_link
Splendore,Zona di Protezione,wiki_link
Splendore,Colpo Guaritore,wiki_link
Splendore,Tocco dello Splendore,wiki_link
Splendore,Scudo d'Aura,wiki_link
Splendore,Splendida Luce Solare,wiki_link
Splendore,Aura Sovrastante,wiki_link
Splendore,Raggio Salvifico,wiki_link
Splendore,Rinvigorimento,wiki_link
Splendore,Risurrezione,wiki_link
Valore,Ossa e Pelle,wiki_link
Valore,Spinta Forzata,wiki_link
Valore,Sono Il Tuo Scudo,wiki_link
Valore,Distruttore di Corpi,wiki_link
Valore,Presenza Audace,wiki_link
Valore,Ispirazione Critica,wiki_link
Valore,Appoggiati,wiki_link
Valore,Provocazione,wiki_link
Valore,Scudo di Supporto,wiki_link
Valore,Corazza,wiki_link
Valore,Colpo Risonante,wiki_link
Valore,Inevitabile,wiki_link
Valore,Risorgi,wiki_link
Valore,Scuotiti,wiki_link
Valore,Toccato dal Valore,wiki_link
Valore,Piena Ondata,wiki_link
Valore,Colpire al Suolo,wiki_link
Valore,Tieni la Linea,wiki_link
Valore,Guida con l'Esempio,wiki_link
Valore,Infrangibile,wiki_link
Valore,Armatura Infrangibile,wiki_link
Abominio dei Regni Esterni,Picchiatore,wiki_link
Adepto Cultista,Supporto,wiki_link
Agglomerato di Carcasse Zombie,Solo,wiki_link
Alto Serafino,Capo,wiki_link
Anguille Elettriche,Orda,wiki_link
Aquila Gigante,Furtivo,wiki_link
Arcere Scheletrico,a Distanza,wiki_link
Arciere Maledetto,a Distanza,wiki_link
Arciere Spettrale,a Distanza,wiki_link
ArcoNecromante,Capo,wiki_link
Assassino Apprendista,Minion,wiki_link
Assassino Velenoso,Furtivo,wiki_link
Bandito con Lama Seghettata,Standard,wiki_link
Barone Mercante,Sociale,wiki_link
Cacciatore Mortale,Capo,wiki_link
Capitano Pirata,Capo,wiki_link
Capitano Spettrale,Capo,wiki_link
Capo delle Guardie,Capo,wiki_link
Cavaliere del Cervo,Standard,wiki_link
Cavaliere della Corona,Capo,wiki_link
Cavaliere Scheletrico,Picchiatore,wiki_link
Cecchino della Lama Seghettata,a Distanza,wiki_link
Combattente Gigante,Picchiatore,wiki_link
Consigliere Reale,Sociale,wiki_link
Corrutore dei Regni Esterni,Supporto,wiki_link
Corruttore dei Regni Esterni,Supporto,wiki_link
Cortigiana,Sociale,wiki_link
Cortigiano,Sociale,wiki_link
Coscritto,Minion,wiki_link
Costrutto,Solo,wiki_link
Custode dei Segreti,Capo,wiki_link
Demone dell'Avarizia,Supporto,wiki_link
Demone dell'Presunzione,Capo,wiki_link
Demone della Furia,Picchiatore,wiki_link
Demone di Disperazione,Furtivo,wiki_link
Demone di Gelosia,a Distanza,wiki_link
Demone Minore,Solo,wiki_link
Devastatore,Standard,wiki_link
Difensore dalle Radici Profonde,Picchiatore,wiki_link
Dragatore Scheletrico,Minion,wiki_link
Drago Vulcanico Flagello Fuso,Solo,wiki_link
Drago Vulcanico Predatore di Ossidiana,Solo,wiki_link
Drago Vulcanico Tiranno Cinereo,Solo,wiki_link
Driade,Capo,wiki_link
Elementale Maggiore dell'Acqua,Supporto,wiki_link
Elementale Maggiore della Terra,Picchiatore,wiki_link
Elementale Minore del Caos,Solo,wiki_link
Elementale Minore del Fuoco,Solo,wiki_link
Esperimento Fallito,Standard,wiki_link
Giovane Drago di Ghiaccio,Solo,wiki_link
Giovane Driade,Capo,wiki_link
Gorgone,Solo,wiki_link
Gruppo di Zombie,Orda,wiki_link
Guardia Arciere,a Distanza,wiki_link
Guardia con Lama,Standard,wiki_link
Guardiano Carceriere della Cripta,Supporto,wiki_link
Guardiano Spettrale,Standard,wiki_link
Guerriero Caduto Campione Imbattibile,Solo,wiki_link
Guerriero Caduto Frantumatore di Reami,Solo,wiki_link
Guerriero Scheletrico,Standard,wiki_link
Idra,Solo,wiki_link
Immensa Melma Verde,Furtivo,wiki_link
Iniziato Cultista,Minion,wiki_link
Kraken,Solo,wiki_link
Ladro Mascherato,Furtivo,wiki_link
Lama Incantata,Capo,wiki_link
Legione Zombie,Orda,wiki_link
Lucciola Adulta,Solo,wiki_link
Lucciola Giovane,Solo,wiki_link
Lupo Mannaro,Furtivo,wiki_link
Maestro Assassino,Capo,wiki_link
Maestro delle Armi,Picchiatore,wiki_link
Maestro delle Bestie Gigante,Capo,wiki_link
Mago della Lama Seghettata,Supporto,wiki_link
Melma Rossa,Furtivo,wiki_link
Melma Verde,Furtivo,wiki_link
Mente dei Vampiri,Capo,wiki_link
Mercante,Sociale,wiki_link
Mercenario,Minion,wiki_link
Minotauro Demolitore,Picchiatore,wiki_link
Minotauro Demolitore,firbolg,wiki_link
Monarca,Sociale,wiki_link
Nobile Minore,Sociale,wiki_link
Ogre di Caverna,Solo,wiki_link
Ombra della Lama Seghettata,Furtivo,wiki_link
Oracolo del Destino,Solo,wiki_link
Orso,Picchiatore,wiki_link
Pastore di Alberi Minore,Minion,wiki_link
Pastore di Alberi Quercia,Picchiatore,wiki_link
Piccola Melma Rossa,Furtivo,wiki_link
Piccola Melma Verde,Furtivo,wiki_link
Piccolo Pastore di Alberi,Minion,wiki_link
Pirata Resiliente,Picchiatore,wiki_link
Predoni Pirati,Orda,wiki_link
Ratto Gigante,Minion,wiki_link
Recluta Gigante,Minion,wiki_link
Rovi Intricati,Minion,wiki_link
Scatola da Battaglia,Solo,wiki_link
Scavatore Acido,Solo,wiki_link
Sciame di Ratti,Orda,wiki_link
Sciame di Rovi Intricati,Orda,wiki_link
Scintilla Elementale,Minion,wiki_link
Scorpione Gigante,Picchiatore,wiki_link
Seguace della Lama Seghettata,Minion,wiki_link
Sentinella Guardiana della Cripta,Picchiatore,wiki_link
Serpente di Vetro,Standard,wiki_link
Servo dei Regni Esterni,Minion,wiki_link
Sirena,Furtivo,wiki_link
Soldato d'Assalto Caduto,Minion,wiki_link
Soldato d'Elite,Standard,wiki_link
Soldato Maledetto,Minion,wiki_link
Soldato Silvano,Standard,wiki_link
Spettro di Pietra,Furtivo,wiki_link
SpezzaGinocchia della Lama Seghettata,Picchiatore,wiki_link
Spia,Sociale,wiki_link
Squadrone di Arceri,Orda,wiki_link
Squalo,Picchiatore,wiki_link
Stregone Caduto,Supporto,wiki_link
Stregone Guerriero,a Distanza,wiki_link
Tenente della Lama Seghettata,Capo,wiki_link
Terribile Pipistrello,Furtivo,wiki_link
Teschio del Caos,a Distanza,wiki_link
Torretta Guardiana della Cripta,a Distanza,wiki_link
Vampiro,Standard,wiki_link
Zanna Cultista,Furtivo,wiki_link
Zanzare Giganti,Orda,wiki_link
Zombie Barcollante,Standard,wiki_link
Zombie Marcio,Minion,wiki_link
Zombie Muscoloso,Picchiatore,wiki_link
Zombie Perfezionato,Picchiatore,wiki_link
Ispirazione Divina,Neir,wiki_link
Ispirazione Divina,Guerra Celeste,wiki_link
Ispirazione Divina,Dimensione dello Spirito,wiki_link
Ispirazione Divina,Dimensione della Materia,wiki_link
Ispirazione Divina,Lurtan,wiki_link
Ispirazione Divina,Nuzagaal,wiki_link
Ispirazione Divina,Maskarr,wiki_link
Ispirazione Divina,Adraoos,wiki_link
Ispirazione Divina,Bakraag,wiki_link
Ispirazione Divina,Demien,wiki_link
Ispirazione Divina,Doomkhan,wiki_link
Ispirazione Divina,Fadranstaff,wiki_link
Ispirazione Divina,Garod,wiki_link
Ispirazione Divina,Glumdrung,wiki_link
Ispirazione Divina,Halthea,wiki_link
Ispirazione Divina,iliar,wiki_link
Ispirazione Divina,Krea,wiki_link
Ispirazione Divina,Lanie,wiki_link
Ispirazione Divina,Laon,wiki_link
Ispirazione Divina,Lurtan,wiki_link
Ispirazione Divina,Maskarr,wiki_link
Ispirazione Divina,Nuzagaal,wiki_link
Ispirazione Divina,Tenebris,wiki_link
Ispirazione Divina,Unthamarand,wiki_link
Teriantropia,Neir,wiki_link
Teriantropia,Notte Eterna,wiki_link
Teriantropia,Gonfalone Azzurro,wiki_link
Teriantropia,Forte Arudex,wiki_link
Teriantropia,urakian,wiki_link
Teriantropia,urakian,wiki_link
Teriantropia,Dominio delle Trame,wiki_link
Teriantropia,hjilaki,wiki_link
Teriantropia,Neir,wiki_link
Teriantropia,hjilaki,wiki_link
Teriantropia,vampirismo,wiki_link
Teriantropia,Iliar,wiki_link
Teriantropia,Neir,wiki_link
Vampirismo,Azkabel,wiki_link
Vampirismo,wiloi,wiki_link
Vampirismo,Dimensione della Materia,wiki_link
Vampirismo,Azkabel,wiki_link
Vampirismo,Lanie,wiki_link
Vampirismo,Notte Eterna,wiki_link
Vampirismo,hjilaki,wiki_link
Vampirismo,Dominio delle Trame,wiki_link
Vampirismo,Neir,wiki_link
Vampirismo,vampiri,wiki_link
Vampirismo,hjilaki,wiki_link
Vampirismo,Neir,wiki_link
Vampirismo,Armata dell'Apocalisse,wiki_link
Cavaliere di Kurash,Nebvarasa,wiki_link
Cavaliere di Kurash,Kurash,wiki_link
Cavaliere di Kurash,Fuoco Segreto,wiki_link
Cavaliere di Kurash,Kurash,wiki_link
Cavaliere di Kurash,Dimensione della Materia,wiki_link
Cavaliere di Kurash,Dimensione dello Spirito,wiki_link
Cavaliere di Kurash,Nebvarasa,wiki_link
Cavaliere di Kurash,Ducato di Òuin,wiki_link
Cavaliere di Öuin,Paladini,wiki_link
Cavaliere di Öuin,Maghi,wiki_link
Cavaliere di Öuin,Ranger,wiki_link
Cavaliere di Öuin,Chierici,wiki_link
Cavaliere di Öuin,Guerrieri,wiki_link
Cavaliere di Öuin,Ducato di Ōuin,wiki_link
Cavaliere di Öuin,Pianure di Xanesh,wiki_link
Cavaliere di Öuin,Cavaliere Pesante,wiki_link
Cavaliere di Öuin,Cavaliere di Kurash,wiki_link
Cavaliere di Öuin,Cavaliere dei Passi,wiki_link
Cavaliere di Öuin,Cavaliere Ospedaliere,wiki_link
Cavaliere di Öuin,Cavaliere Predestinato,wiki_link
SottoClassi,Notte Eterna,wiki_link
SottoClassi,Neir,wiki_link
SottoClassi,Cavaliere di Kurash,wiki_link
SottoClassi,Wizard,wiki_link
SottoClassi,Kurash,wiki_link
SottoClassi,Cavaliere Ospedaliere,wiki_link
SottoClassi,Chierico,wiki_link
SottoClassi,Fadranstaff,wiki_link
SottoClassi,Cavaliere dei Passi,wiki_link
SottoClassi,Ranger,wiki_link
SottoClassi,Cavaliere Pesante,wiki_link
SottoClassi,Warrior,wiki_link
SottoClassi,Cavaliere Predestinato,wiki_link
SottoClassi,Paladino,wiki_link
SottoClassi,Laon,wiki_link
SottoClassi,Criomante,wiki_link
SottoClassi,Chierico,wiki_link
SottoClassi,Unthamarand,wiki_link
SottoClassi,Custode dei Segreti,wiki_link
SottoClassi,Druid,wiki_link
SottoClassi,Circolo dei Segreti,wiki_link
SottoClassi,Fuoco Segreto,wiki_link
SottoClassi,Danse Macabre,wiki_link
SottoClassi,Bard,wiki_link
SottoClassi,Elementalista,wiki_link
SottoClassi,Sourcerer,wiki_link
SottoClassi,Guardiano Nanico,wiki_link
SottoClassi,Ranger,wiki_link
SottoClassi,nani,wiki_link
SottoClassi,Lama di Dor,wiki_link
SottoClassi,Ranger,wiki_link
SottoClassi,elfi,wiki_link
SottoClassi,Legionario Xaan,wiki_link
SottoClassi,Warrior,wiki_link
SottoClassi,Lupo del Nord,wiki_link
SottoClassi,Barbaro,wiki_link
SottoClassi,Valli dei Giganti,wiki_link
SottoClassi,Maestro delle Meraviglie,wiki_link
SottoClassi,Wizard,wiki_link
SottoClassi,Oscuro Adepto,wiki_link
SottoClassi,Chierico,wiki_link
SottoClassi,Tenebris,wiki_link
SottoClassi,Prescelto dalle Tenebre,wiki_link
SottoClassi,Monaco,wiki_link
SottoClassi,Spiritualista,wiki_link
SottoClassi,Warlock,wiki_link
SottoClassi,Tombarolo,wiki_link
SottoClassi,Ladro,wiki_link
SottoClassi,Triste Mietitore,wiki_link
SottoClassi,paladino,wiki_link
SottoClassi,Krea,wiki_link
SottoClassi,Veggente dell'Ultimo Giorno,wiki_link
SottoClassi,Ranger,wiki_link
SottoClassi,Doomkhan,wiki_link
Abile Inganno,Grazia,wiki_link
Abile Inganno,Abilità,wiki_link
Abile Inganno,Speranza,wiki_link
Abile Inganno,vantaggio,wiki_link
Abile Inganno,tiro per ingannare,wiki_link
Abile Inganno,tiro per ingraziarti,wiki_link
Appoggiati,Valore,wiki_link
Appoggiati,Abilità,wiki_link
Appoggiati,riposo breve,wiki_link
Appoggiati,tiro d'azione,wiki_link
Appoggiati,Stress,wiki_link
Approccio Strategico,Ossa,wiki_link
Approccio Strategico,Abilità,wiki_link
Approccio Strategico,riposo lungo,wiki_link
Approccio Strategico,token,wiki_link
Approccio Strategico,Conoscenza,wiki_link
Approccio Strategico,portata Vicina,wiki_link
Approccio Strategico,attacco,wiki_link
Approccio Strategico,token,wiki_link
Approccio Strategico,attacco,wiki_link
Approccio Strategico,vantaggio,wiki_link
Approccio Strategico,Stress,wiki_link
Approccio Strategico,portata di mischia,wiki_link
Approccio Strategico,D8,wiki_link
Approccio Strategico,tiro di danni,wiki_link
Approccio Strategico,riposo lungo,wiki_link
Approccio Strategico,token,wiki_link
Armatura Fortificata,Lama,wiki_link
Armatura Fortificata,Abilità,wiki_link
Armatura Fortificata,armatura,wiki_link
Armatura Fortificata,soglie di danno,wiki_link
Armatura Infrangibile,Valore,wiki_link
Armatura Infrangibile,Abilità,wiki_link
Armatura Infrangibile,Fessura dell'Armatura,wiki_link
Armatura Infrangibile,D6,wiki_link
Armatura Infrangibile,Proficiency,wiki_link
Armatura Infrangibile,gravità,wiki_link
Armatura Infrangibile,Fessura dell'Armatura,wiki_link
Assalto,Lama,wiki_link
Assalto,Abilità,wiki_link
Assalto,successo,wiki_link
Assalto,attacco,wiki_link
Assalto,soglia di danno maggiore,wiki_link
Assalto,Ferita,wiki_link
Assalto,attacco,wiki_link
Assalto,Stress,wiki_link
Assalto,Tiro di Reazione,wiki_link
Assalto,fallimento,wiki_link
Assalto,Ferita,wiki_link
Attraverso i Tuoi Occhi,Grazia,wiki_link
Attraverso i Tuoi Occhi,Magia,wiki_link
Attraverso i Tuoi Occhi,portata molto lontana,wiki_link
Attraverso i Tuoi Occhi,riposo,wiki_link
Audace,Lama,wiki_link
Audace,Abilità,wiki_link
Audace,Stress,wiki_link
Audace,vantaggio,wiki_link
Audace,attacco,wiki_link
Aura Confondente,Arcana,wiki_link
Aura Confondente,Magia,wiki_link
Aura Confondente,Spellcast Roll,wiki_link
Aura Confondente,riposo lungo,wiki_link
Aura Confondente,successo,wiki_link
Aura Confondente,Stress,wiki_link
Aura Confondente,attacco,wiki_link
Aura Confondente,D6,wiki_link
Aura Confondente,attacco,wiki_link
Aura Sovrastante,Splendore,wiki_link
Aura Sovrastante,Magia,wiki_link
Aura Sovrastante,Spellcast Roll,wiki_link
Aura Sovrastante,Speranza,wiki_link
Aura Sovrastante,Presenza,wiki_link
Aura Sovrastante,Spellcast Trait,wiki_link
Aura Sovrastante,riposo lungo,wiki_link
Aura Sovrastante,Stress,wiki_link
Barriera di Rigenerazione,Saggio,wiki_link
Barriera di Rigenerazione,Magia,wiki_link
Barriera di Rigenerazione,Spellcast Roll,wiki_link
Barriera di Rigenerazione,riposo,wiki_link
Barriera di Rigenerazione,successo,wiki_link
Barriera di Rigenerazione,Range Molto Vicino,wiki_link
Barriera di Rigenerazione,D4,wiki_link
Barriera di Rigenerazione,Ferita,wiki_link
Barriera di Rigenerazione,danni fisici,wiki_link
Cacciare,Codice,wiki_link
Cacciare,Magia,wiki_link
Cacciare,Spellcast Roll,wiki_link
Cacciare,Close Range,wiki_link
Cacciare,D20,wiki_link
Cacciare,Spellcast Trait,wiki_link
Cacciare,tiro di reazione,wiki_link
Cacciare,Difficoltà,wiki_link
Cacciare,Stress,wiki_link
Cacciare,riposo,wiki_link
Cacciare,Paura,wiki_link
Cacciare,Difficoltà,wiki_link
Cacciare,tiro di reazione,wiki_link
Cacciatore d'Ombre,mezzanotte,wiki_link
Cacciatore d'Ombre,della,wiki_link
Cacciatore d'Ombre,Abilità,wiki_link
Cacciatore d'Ombre,poca luce,wiki_link
Cacciatore d'Ombre,oscurità,wiki_link
Cacciatore d'Ombre,Evasione,wiki_link
Cacciatore d'Ombre,attacco,wiki_link
Cacciatore d'Ombre,vantaggio,wiki_link
Camminatore di Fessura,Arcana,wiki_link
Camminatore di Fessura,Magia,wiki_link
Camminatore di Fessura,Spellcast Roll,wiki_link
Cammino sulle Pareti,Arcana,wiki_link
Cammino sulle Pareti,Magia,wiki_link
Cammino sulle Pareti,Speranza,wiki_link
Campo di Guarigione,Saggio,wiki_link
Campo di Guarigione,Magia,wiki_link
Campo di Guarigione,riposo lungo,wiki_link
Campo di Guarigione,Close Range,wiki_link
Campo di Guarigione,Ferita,wiki_link
Campo di Guarigione,speranza,wiki_link
Campo di Guarigione,Ferita,wiki_link
Carica di Incantesimo,Mezzanotte,wiki_link
Carica di Incantesimo,Magia,wiki_link
Carica di Incantesimo,danni magici,wiki_link
Carica di Incantesimo,token,wiki_link
Carica di Incantesimo,Ferita,wiki_link
Carica di Incantesimo,token,wiki_link
Carica di Incantesimo,Spellcast Trait,wiki_link
Carica di Incantesimo,token,wiki_link
Carica di Incantesimo,D6,wiki_link
Carica di Incantesimo,token,wiki_link
Carica di Incantesimo,tiro di danni,wiki_link
Carisma Infinito,Grazia,wiki_link
Carisma Infinito,Abilità,wiki_link
Carisma Infinito,tiro d'azione,wiki_link
Carisma Infinito,Speranza,wiki_link
Carisma Infinito,Speranza,wiki_link
Carisma Infinito,Paura,wiki_link
Catena di Fulmini,Arcana,wiki_link
Catena di Fulmini,Magia,wiki_link
Catena di Fulmini,Spellcast Roll,wiki_link
Catena di Fulmini,Stress,wiki_link
Catena di Fulmini,Close Range,wiki_link
Catena di Fulmini,Tiro di Reazione,wiki_link
Catena di Fulmini,Difficoltà,wiki_link
Catena di Fulmini,Spellcast Roll,wiki_link
Catena di Fulmini,D8,wiki_link
Catena di Fulmini,danni magici,wiki_link
Catena di Fulmini,Close Range,wiki_link
Catena di Fulmini,tiro di reazione,wiki_link
Catena di Fulmini,D8,wiki_link
Catena di Fulmini,danni magici,wiki_link
Catena di Fulmini,Range,wiki_link
Cieli che Cadono,Arcana,wiki_link
Cieli che Cadono,Magia,wiki_link
Cieli che Cadono,Spellcast Roll,wiki_link
Cieli che Cadono,Long Range,wiki_link
Cieli che Cadono,Stress,wiki_link
Cieli che Cadono,D20,wiki_link
Cieli che Cadono,Stress,wiki_link
Colpire al Suolo,Valore,wiki_link
Colpire al Suolo,Abilità,wiki_link
Colpire al Suolo,Speranza,wiki_link
Colpire al Suolo,Forza,wiki_link
Colpire al Suolo,Close Range,wiki_link
Colpire al Suolo,Long Range,wiki_link
Colpire al Suolo,Tiro di Reazione,wiki_link
Colpire al Suolo,D10,wiki_link
Colpito dalla Lama,Lama,wiki_link
Colpito dalla Lama,Abilità,wiki_link
Colpito dalla Lama,Lama,wiki_link
Colpito dalla Lama,tiri d'attacco,wiki_link
Colpito dalla Lama,soglia di danni severo,wiki_link
Colpo del Mietitore,Lama,wiki_link
Colpo del Mietitore,Abilità,wiki_link
Colpo del Mietitore,riposo lungo,wiki_link
Colpo del Mietitore,Speranza,wiki_link
Colpo del Mietitore,tiro d'attacco,wiki_link
Colpo del Mietitore,range,wiki_link
Colpo del Mietitore,Ferita,wiki_link
Colpo di Frantumazione,Ossa,wiki_link
Colpo di Frantumazione,Abilità,wiki_link
Colpo di Frantumazione,Speranza,wiki_link
Colpo di Frantumazione,attacco,wiki_link
Colpo di Frantumazione,range,wiki_link
Colpo di Frantumazione,riposo breve,wiki_link
Colpo di Frantumazione,successo,wiki_link
Colpo di Frantumazione,tiro di danni,wiki_link
Colpo di Rottura,Ossa,wiki_link
Colpo di Rottura,Abilità,wiki_link
Colpo di Rottura,Stress,wiki_link
Colpo di Rottura,attacco,wiki_link
Colpo di Rottura,D12,wiki_link
Colpo di Sfioramento,Lama,wiki_link
Colpo di Sfioramento,Abilità,wiki_link
Colpo di Sfioramento,attacco,wiki_link
Colpo di Sfioramento,Stress,wiki_link
Colpo di Sfioramento,Proficiency,wiki_link
Colpo Guaritore,Splendore,wiki_link
Colpo Guaritore,Magia,wiki_link
Colpo Guaritore,Speranza,wiki_link
Colpo Guaritore,Ferita,wiki_link
Colpo Guaritore,Close Range,wiki_link
Colpo Risonante,Valore,wiki_link
Colpo Risonante,Abilità,wiki_link
Colpo Risonante,riposo,wiki_link
Colpo Risonante,critico,wiki_link
Colpo Risonante,D4,wiki_link
Colpo,Splendore,wiki_link
Colpo,Magia,wiki_link
Colpo,Speranza,wiki_link
Colpo,tiro di danni,wiki_link
Colpo,danni magici,wiki_link
Combattente Versatile,Lama,wiki_link
Combattente Versatile,Abilità,wiki_link
Combattente Versatile,caratteristica,wiki_link
Combattente Versatile,stress,wiki_link
Concentrazione Letale,Lama,wiki_link
Concentrazione Letale,della,wiki_link
Condividi il Carico,Grazia,wiki_link
Condividi il Carico,Magia,wiki_link
Conosci il tuo nemico,Ossa,wiki_link
Conosci il tuo nemico,Abilità,wiki_link
ControIncantesimo,Arcana,wiki_link
ControIncantesimo,Magia,wiki_link
Controllare,Ossa,wiki_link
Controllare,Abilità,wiki_link
Corazza,Valore,wiki_link
Corsa verso la Morte,Ossa,wiki_link
Corsa verso la Morte,Abilità,wiki_link
Custode delle Rune,Arcana,wiki_link
Custode delle Rune,Magia,wiki_link
Discorso Rassicurante,Grazia,wiki_link
Discorso Rassicurante,Abilità,wiki_link
Distruttore di Corpi,Valore,wiki_link
Distruttore di Corpi,Abilità,wiki_link
Divinazione,Splendore,wiki_link
Divinazione,Incantesimo,wiki_link
Dominio Vegetale,Saggio,wiki_link
Dominio Vegetale,del,wiki_link
Eclissi,Mezzanotte,wiki_link
Eclissi,della,wiki_link
Entusiasmo di Massa,Grazia,wiki_link
Entusiasmo di Massa,Magia,wiki_link
Equidi Evocati,Saggio,wiki_link
Equidi Evocati,del,wiki_link
Esperto di Furtività,Mezzanotte,wiki_link
Esperto di Furtività,Abilità,wiki_link
Esplosione Ammantata,Arcana,wiki_link
Esplosione Ammantata,Incantesimo,wiki_link
Esplosione di Conservazione,Arcana,wiki_link
Esplosione di Conservazione,Magia,wiki_link
Estasi,Grazia,wiki_link
Estasi,Magia,wiki_link
Evoca Sciame,Saggio,wiki_link
Evoca Sciame,del,wiki_link
Famiglio della Natura,Saggio,wiki_link
Famiglio della Natura,del,wiki_link
Famoso,Grazia,wiki_link
Ferocia,Ossa,wiki_link
Ferocia,Abilità,wiki_link
Forma Materiale,Splendore,wiki_link
Forma Materiale,Incantesimo,wiki_link
Fortezza Selvaggia,Saggio,wiki_link
Fortezza Selvaggia,del,wiki_link
Forza della Natura,Saggio,wiki_link
Forza della Natura,del,wiki_link
Frenesia,Lama,wiki_link
Frenesia,Abilità,wiki_link
Furia Crescente,Lama,wiki_link
Furia Crescente,della,wiki_link
Fusto Maestoso,Saggio,wiki_link
Fusto Maestoso,del,wiki_link
Glifo dell'Oscurità,Mezzanotte,wiki_link
Glifo dell'Oscurità,Magia,wiki_link
Grido di Battaglia,Lama,wiki_link
Grido di Battaglia,Abilità,wiki_link
Guida con l'Esempio,Valore,wiki_link
Guida con l'Esempio,Abilità,wiki_link
Imitatore,Grazia,wiki_link
Impulso Selvaggio,Saggio,wiki_link
Impulso Selvaggio,del,wiki_link
Inevitabile,Valore,wiki_link
Inevitabile,Abilità,wiki_link
Infrangibile,Valore,wiki_link
Infrangibile,Abilità,wiki_link
Intoccabile,Ossa,wiki_link
Intoccabile,Abilità,wiki_link
Intrico Violento,Saggio,wiki_link
Intrico Violento,del,wiki_link
Invisibilità,Grazia,wiki_link
Invisibilità,Magia,wiki_link
Ispirazione Critica,Valore,wiki_link
Ispirazione Critica,Abilità,wiki_link
Legame dell'Ombra,Mezzanotte,wiki_link
Legame dell'Ombra,Incantesimo,wiki_link
Legame di un Soldato,Lama,wiki_link
Legame di un Soldato,Abilità,wiki_link
Libera il Caos,Arcana,wiki_link
Libera il Caos,Magia,wiki_link
Libro di Ava,Codice,wiki_link
Libro di Ava,Grimorio,wiki_link
Libro di Exota,Codice,wiki_link
Libro di Exota,Grimorio,wiki_link
Libro di Grynn,Codice,wiki_link
Libro di Grynn,Grimorio,wiki_link
Libro di Homet,Codice,wiki_link
Libro di Homet,Grimorio,wiki_link
Libro di Illiat,Codice,wiki_link
Libro di Illiat,Grimorio,wiki_link
Libro di Korvax,Codice,wiki_link
Libro di Korvax,Grimorio,wiki_link
Libro di Norai,Codice,wiki_link
Libro di Norai,Grimorio,wiki_link
Libro di Ronin,Codice,wiki_link
Libro di Ronin,Grimorio,wiki_link
Libro di Sitil,Codice,wiki_link
Libro di Sitil,Grimorio,wiki_link
Libro di Tyfar,Codice,wiki_link
Libro di Tyfar,Grimorio,wiki_link
Libro di Vagras,Codice,wiki_link
Libro di Vagras,Grimorio,wiki_link
Libro di Vyola,Codice,wiki_link
Libro di Vyola,Grimorio,wiki_link
Libro di Yarrow,Codice,wiki_link
Libro di Yarrow,Grimorio,wiki_link
Lingua della Natura,Saggio,wiki_link
Lingua della Natura,del,wiki_link
Maestro dell'Arte,Grazia,wiki_link
Maestro dell'Arte,Abilità,wiki_link
Mai Sopraffatto,Grazia,wiki_link
Mai Sopraffatto,Abilità,wiki_link
Mani Curatrici,Splendore,wiki_link
Mani Curatrici,Incantesimo,wiki_link
Manovre Agili,Ossa,wiki_link
Manovre Agili,delle,wiki_link
Mischia,Lama,wiki_link
Mischia,Abilità,wiki_link
Morsa Mortale,Saggio,wiki_link
Morsa Mortale,del,wiki_link
Mossa Caratteristica,Ossa,wiki_link
Mossa Caratteristica,Abilità,wiki_link
Mostro da Battaglia,Lama,wiki_link
Mostro da Battaglia,Abilità,wiki_link
Muro Manifesto,Codice,wiki_link
Muro Manifesto,Incantesimo,wiki_link
Non Abbastanza Buono,Lama,wiki_link
Non Dire Mai Bugie,Grazia,wiki_link
Non Dire Mai Bugie,Magia,wiki_link
Occhio Fluttuante,Arcana,wiki_link
Occhio Fluttuante,Magia,wiki_link
Onda di Disintegrazione,Codice,wiki_link
Onda di Disintegrazione,Spell,wiki_link
Ossa e Pelle,Valore,wiki_link
Parole d'Ispirazione,Grazia,wiki_link
Parole d'Ispirazione,Abilità,wiki_link
Parole di Discordia,Grazia,wiki_link
Parole di Discordia,della,wiki_link
Passo Rapido,Ossa,wiki_link
Passo Rapido,Abilità,wiki_link
Pelle di Spine,Saggio,wiki_link
Pelle di Spine,del,wiki_link
PiantaGrane,Grazia,wiki_link
Piena Ondata,Valore,wiki_link
Piena Ondata,Abilità,wiki_link
Pioggia di Lame,Mezzanotte,wiki_link
Pioggia di Lame,della,wiki_link
Potenziamento,Ossa,wiki_link
Potenziamento,Abilità,wiki_link
Precisione Crudele,Ossa,wiki_link
Precisione Crudele,Abilità,wiki_link
Premonizione,Arcana,wiki_link
Premonizione,Magia,wiki_link
Prendi e Tira,mezzanotte,wiki_link
Prendi e Tira,della,wiki_link
Presa alla Gola,Mezzanotte,wiki_link
Presa alla Gola,Abilità,wiki_link
Presa Cinerea,Arcana,wiki_link
Presa Cinerea,Magia,wiki_link
Presenza Audace,Valore,wiki_link
Presenza Audace,Abilità,wiki_link
Proiettile Corrosivo,Saggio,wiki_link
Proiettile Corrosivo,del,wiki_link
Proiettile di Luce,Splendore,wiki_link
Proiettile di Luce,Incantesimo,wiki_link
Proiezione Astrale,Grazia,wiki_link
Proiezione Astrale,Magia,wiki_link
Proiezione Sensoriale,Arcana,wiki_link
Proiezione Sensoriale,Magia,wiki_link
Provocazione,Valore,wiki_link
Provocazione,Abilità,wiki_link
Raccoglitore,Saggio,wiki_link
Raccoglitore,del,wiki_link
Rafforzamento,Ossa,wiki_link
Rafforzamento,Abilità,wiki_link
Rafforzato in Battaglia,Lama,wiki_link
Rafforzato in Battaglia,Abilità,wiki_link
Raggio Salvifico,Splendore,wiki_link
Raggio Salvifico,Incantesimo,wiki_link
Rassicurazione,Splendore,wiki_link
Rassicurazione,Abilità,wiki_link
Recupero,Ossa,wiki_link
Recupero,Abilità,wiki_link
Rialzati,Lama,wiki_link
Rialzati,Abilità,wiki_link
Ridirezione,Ossa,wiki_link
Ridirezione,Abilità,wiki_link
Riflesso Arcano,Arcana,wiki_link
Riflesso Arcano,Magia,wiki_link
Rifugio Sicuro,Codice,wiki_link
Rifugio Sicuro,Spell,wiki_link
Rinvigorimento,Splendore,wiki_link
Rinvigorimento,Incantesimo,wiki_link
Ripetizione,Grazia,wiki_link
Ripetizione,Magia,wiki_link
Risorgi,Valore,wiki_link
Risorgi,Abilità,wiki_link
Risposta Rapida,Ossa,wiki_link
Risposta Rapida,Abilità,wiki_link
Ristoro,Splendore,wiki_link
Ristoro,Incantesimo,wiki_link
Risurrezione,Splendore,wiki_link
Risurrezione,Incantesimo,wiki_link
Ritirata Fantasma,Mezzanotte,wiki_link
Ritirata Fantasma,della,wiki_link
Sangue e Gloria,Lama,wiki_link
Sangue e Gloria,Abilità,wiki_link
Santuario della Selva,Saggio,wiki_link
Santuario della Selva,Abilità,wiki_link
Santuario della Selva,Saggio,wiki_link
Santuario della Selva,Saggio,wiki_link
Scavatore di Pensieri,Grazia,wiki_link
Scavatore di Pensieri,Magia,wiki_link
Schivata Elusiva,Mezzanotte,wiki_link
Schivata Elusiva,Magia,wiki_link
Scudo d'Aura,Splendore,wiki_link
Scudo d'Aura,Incantesimo,wiki_link
Scudo di Supporto,Valore,wiki_link
Scudo di Supporto,Abilità,wiki_link
Scuotiti,Valore,wiki_link
Scuotiti,Abilità,wiki_link
Secondo Respiro,Splendore,wiki_link
Secondo Respiro,Abilità,wiki_link
Sigillo di Ritorsione,Codice,wiki_link
Sigillo di Ritorsione,Incantesimo,wiki_link
Silenzio,Mezzanotte,wiki_link
Silenzio,della,wiki_link
Silenzio,Silenzio,wiki_link
Sono Il Tuo Scudo,Valore,wiki_link
Sono Il Tuo Scudo,Abilità,wiki_link
Sparizione,Arcana,wiki_link
Sparizione,Magia,wiki_link
Spettro del Buio,Mezzanotte,wiki_link
Spettro del Buio,Magia,wiki_link
Spinta Forzata,Valore,wiki_link
Spinta Forzata,Abilità,wiki_link
Spiritelli della Foresta,Saggio,wiki_link
Spiritelli della Foresta,del,wiki_link
Spirito di Mezzanotte,Mezzanotte,wiki_link
Spirito di Mezzanotte,Magia,wiki_link
Splendida Luce Solare,Splendore,wiki_link
Splendida Luce Solare,Magia,wiki_link
Sul Limite,Ossa,wiki_link
Sul Limite,Abilità,wiki_link
Sussurri Oscuri,Mezzanotte,wiki_link
Sussurri Oscuri,Magia,wiki_link
Tassa del Crepuscolo,MezzaNotte,wiki_link
Tattico,Ossa,wiki_link
Tattico,Abilità,wiki_link
Telecinesi,Arcana,wiki_link
Telecinesi,Magia,wiki_link
Teletrasporto,Codice,wiki_link
Teletrasporto,Spell,wiki_link
Tempesta,Saggio,wiki_link
Tempesta,del,wiki_link
Terremoto,Arcana,wiki_link
Terremoto,Magia,wiki_link
Terrore della Notte,Mezzanotte,wiki_link
Terrore della Notte,Magia,wiki_link
Tieni la Linea,Valore,wiki_link
Tieni la Linea,Abilità,wiki_link
Toccando l'Osso,Ossa,wiki_link
Toccando l'Osso,Abilità,wiki_link
Toccato dal Codice,Codice,wiki_link
Toccato dal Codice,del,wiki_link
Toccato dal Valore,Valore,wiki_link
Toccato dal Valore,Abilità,wiki_link
Toccato dall'Arcano,Arcana,wiki_link
Toccato dall'Arcano,Abilità,wiki_link
Toccato dalla Mezzanotte,Mezzanotte,wiki_link
Toccato dalla Mezzanotte,della,wiki_link
Toccato dalla Mezzanotte,Mezzanotte,wiki_link
Tocco del Saggio,Saggio,wiki_link
Tocco del Saggio,del,wiki_link
Tocco della Grazia,Grazia,wiki_link
Tocco della Grazia,Abilità,wiki_link
Tocco dello Splendore,Splendore,wiki_link
Tocco dello Splendore,Abilità,wiki_link
Tocco Riparatore,Splendore,wiki_link
Tocco Riparatore,Incantesimo,wiki_link
Tracciatore Dotato,Saggio,wiki_link
Tracciatore Dotato,del,wiki_link
Travestimento di Massa,Mezzanotte,wiki_link
Travestimento di Massa,Spell,wiki_link
Travestimento Misterioso,Mezzanotte,wiki_link
Travestimento Misterioso,Incantesimo,wiki_link
Ultime Parole,Splendore,wiki_link
Ultime Parole,Incantesimo,wiki_link
Unione Trascendente,Codice,wiki_link
Unione Trascendente,Spell,wiki_link
Vantaggio del Campione,Lama,wiki_link
Vantaggio del Campione,della,wiki_link
Vedo Che Arriva,Ossa,wiki_link
Vedo Che Arriva,Abilità,wiki_link
Velo Ipnotico,Grazia,wiki_link
Velo Ipnotico,Magia,wiki_link
Velo Notturno,Mezzanotte,wiki_link
Velo Notturno,Magia,wiki_link
Vita Protetta,Splendore,wiki_link
Vita Protetta,Incantesimo,wiki_link
Vitalità,Lama,wiki_link
Vitalità,Abilità,wiki_link
Voce della Ragione,Splendore,wiki_link
Voce della Ragione,Abilità,wiki_link
Volo,Arcana,wiki_link
Volo,Magia,wiki_link
Vortice,Lama,wiki_link
Vortice,Abilità,wiki_link
Zona di Protezione,Splendore,wiki_link
Zona di Protezione,Magia,wiki_link
Clank,clank_pic.png,wiki_link
Drakona,drakona_pic.png,wiki_link
Elfi,elfi_pic.png,wiki_link
Faerie,faerie_pic.png,wiki_link
Fauni,fauno_pic.png,wiki_link
Firbolg,firbolg_pic.png,wiki_link
Fungril,fungril_pic.png,wiki_link
Galapa,galapa_pic.png,wiki_link
Giganti,giganti_pic.png,wiki_link
Goblin,goblin_pic.png,wiki_link
Halfling,halfling_pic.png,wiki_link
Infernis,infernis_pic.png,wiki_link
Karevi,karevi_pic.png,wiki_link
Katari,katari_pic.png,wiki_link
Klorss,klorss_pic.png,wiki_link
Nani,nani_pic.png,wiki_link
Nuno,nuno_pic.png,wiki_link
Orchi,orchi_pic.png,wiki_link
Ribbet,ribbet_pic.png,wiki_link
Simiah,simiah_pic.png,wiki_link
Umani,umani_pic.png,wiki_link
Urakian,urakian_pic.png,wiki_link
Wiloi,wiloi_pic.png,wiki_link
Bard,Grazia,wiki_link
Bard,Codice,wiki_link
Bard,Trovatore,wiki_link
Bard,Paroliere,wiki_link
Druid,Agile Scout,wiki_link
Druid,Household Friend,wiki_link
Druid,Nimble Grazer,wiki_link
Druid,Pack Predator,wiki_link
Druid,Aquatic Scout,wiki_link
Druid,Stalking Arachnid,wiki_link
Druid,Armored Sentry,wiki_link
Druid,Powerful Beast,wiki_link
Druid,Mighty Strider,wiki_link
Druid,Striking Serpent,wiki_link
Druid,Pouncing Predator,wiki_link
Druid,Winged Beast,wiki_link
Druid,Massive Behemoth,wiki_link
Druid,Terrible Lizard,wiki_link
Druid,Mythic Aerial Hunter,wiki_link
Druid,Epic Aquatic Beast,wiki_link
Druid,Mythic Beast,wiki_link
Druid,[Mythic Hybrid,wiki_link
Wizard,Codice,wiki_link
Wizard,Splendore,wiki_link
Warlock,Grazia,wiki_link
Warlock,Dread,wiki_link
Warlock,Scepter,wiki_link
Warlock,Leather Armor,wiki_link
Warlock,Speranza,wiki_link
Warlock,Favore,wiki_link
Warlock,Pact of the Endless,wiki_link
Warlock,Pact of the Wrathful,wiki_link
Witch,Saggio,wiki_link
Witch,Dread,wiki_link
Witch,Scepter,wiki_link
Witch,Leather Armor,wiki_link
Witch,Speranza,wiki_link
Witch,Favore,wiki_link
Witch,Hedge,wiki_link
Witch,Moon,wiki_link
Agan,agan_pic.png,wiki_link
Agan,Namass'rya,wiki_link
An'Rao IV,an'rao_pic.png,wiki_link
An'Rao IV,Impero delle Terre Nascoste,wiki_link
An'Rao IV,karevi,wiki_link
An'Rao IV,Garod,wiki_link
An'Rao IV,Ziria,wiki_link
An'Rao IV,karevi,wiki_link
An'Rao IV,Neir,wiki_link
An'Rao IV,Garod,wiki_link
Annie Rose-Robe,annie_rose_robe_pic.png,wiki_link
Annie Rose-Robe,halfling,wiki_link
Annie Rose-Robe,halfling,wiki_link
Annie Rose-Robe,Milford,wiki_link
Annie Rose-Robe,halfling,wiki_link
Annie Rose-Robe,Darkflame,wiki_link
Annie Rose-Robe,Milford,wiki_link
Annie Rose-Robe,Aran,wiki_link
Annie Rose-Robe,Tenebris,wiki_link
Annie Rose-Robe,Pianure di Xanesh,wiki_link
Annie Rose-Robe,Hulbert,wiki_link
Axrul II De Vaars,Pasted image 20260712154847.png,wiki_link
Axrul II De Vaars,Gundazar,wiki_link
Axrul II De Vaars,Desea,wiki_link
Axrul II De Vaars,Gundazar,wiki_link
Axrul II De Vaars,Mendulia's Rock,wiki_link
Axrul II De Vaars,Valli dei Giganti,wiki_link
Axrul II De Vaars,Gundazar,wiki_link
Axrul II De Vaars,Gundazar,wiki_link
Axrul II De Vaars,Desea,wiki_link
Axrul II De Vaars,Desea,wiki_link
Axrul II De Vaars,Gundazar,wiki_link
Axrul II De Vaars,Gundazar,wiki_link
Axrul II De Vaars,Desea,wiki_link
Bruin Ashcroft,Pasted image 20260712155004.png,wiki_link
Bruin Ashcroft,Baia di Redoro,wiki_link
Bruin Ashcroft,Mendulia's Rock,wiki_link
Bruin Ashcroft,Compagnia del Gonfalone Azzurro,wiki_link
Bruin Ashcroft,Magocrazia di Nü,wiki_link
Bruin Ashcroft,Impero delle Terre Nascoste,wiki_link
Bruin Ashcroft,Petralta,wiki_link
Bruin Ashcroft,Baia di Redoro,wiki_link
Bruin Ashcroft,Dominio delle Trame,wiki_link
Bruin Ashcroft,Ducato di Öuin,wiki_link
Buhragath,Nuzagaal,wiki_link
Buhragath,Valli dei Giganti,wiki_link
Desea,Pasted image 20260712154736.png,wiki_link
Desea,Forte Arundex,wiki_link
Desea,Axrul II De Vaars,wiki_link
Desea,Axrul II De Vaars,wiki_link
Doerun Eldobeth,Pahr,wiki_link
Doerun Eldobeth,Selva Infestata di Mysteria,wiki_link
Doerun Eldobeth,klorss,wiki_link
Doerun Eldobeth,Selva Infestata di Mysteria,wiki_link
Doerun Eldobeth,Selva Infestata di Mysteria,wiki_link
Doerun Eldobeth,Fadranstaff,wiki_link
Doerun Eldobeth,Selva Infestata di Mysteria,wiki_link
Efneriom,Gundazar,wiki_link
Efneriom,Gundazar,wiki_link
Efneriom,Neir,wiki_link
Efneriom,Gundazar,wiki_link
Efneriom,Gundazar,wiki_link
Efneriom,Laon,wiki_link
Efneriom,Gundazar,wiki_link
Efneriom,Gundazar,wiki_link
Efneriom,Desea,wiki_link
Efneriom,Neir,wiki_link
Fahrn,Gundazar,wiki_link
Fahrn,Aman'Raith,wiki_link
Fahrn,Gundazar,wiki_link
Fahrn,Aman'Raith,wiki_link
Hedd,Mendulia's Rock,wiki_link
Hedd,halfling,wiki_link
Hedd,nani,wiki_link
Hedd,Laon,wiki_link
Horus,urakian,wiki_link
Horus,Neir,wiki_link
Horus,Cenere di Lanie,wiki_link
Horus,urakian,wiki_link
Horus,Neir,wiki_link
Horus,Ducato di Öuin,wiki_link
Horus,Distese Nuvolose di Aej'Nagrizzt,wiki_link
Horus,urakian,wiki_link
Horus,karevi,wiki_link
Horus,urakian,wiki_link
Horus,urakian,wiki_link
Horus,Distese Nuvolose di Aej'Nagrizzt,wiki_link
Hulbert,Tenebris,wiki_link
Korath,Verde Foresta,wiki_link
Korath,karevi,wiki_link
M'oraoork,Pasted image 20260713162553.png,wiki_link
M'oraoork,Garod,wiki_link
M'oraoork,Gloriosa Ezakran,wiki_link
M'oraoork,Garod,wiki_link
M'oraoork,An'Rao IV,wiki_link
M'oraoork,Gloriosa Ezakran,wiki_link
M'oraoork,Neir,wiki_link
M'oraoork,Impero delle Terre Nascoste,wiki_link
Najestarr,Pasted image 20260711022753.png,wiki_link
Najestarr,wiloi,wiki_link
Najestarr,Nelen Deseziath,wiki_link
Namass'rya,namass'rya_pic.png,wiki_link
Namass'rya,Gundazar,wiki_link
Namass'rya,klorss,wiki_link
Nelen Deseziath,nelen_pic.png,wiki_link
Nelen Deseziath,Azkabel,wiki_link
Nelen Deseziath,Neir,wiki_link
Nelen Deseziath,Lanie,wiki_link
Nelen Deseziath,Neir,wiki_link
Nelen Deseziath,wiloi,wiki_link
Nelen Deseziath,Neir,wiki_link
Orgnornor,Forte Arundex,wiki_link
Orgnornor,Forte Arundex,wiki_link
Rakilia,Oasi di Zey,wiki_link
Rakilia,Oasi di Zey,wiki_link
Rakilia,Cenere di Lanie,wiki_link
Rakilia,urakian,wiki_link
Rakilia,karevi,wiki_link
Rakilia,karevi,wiki_link
Rakilia,Manor,wiki_link
Rakilia,urakian,wiki_link
Rakilia,Città delle Trame,wiki_link
Rakilia,urakian,wiki_link
Renetzia,Karevi,wiki_link
Renetzia,karevi,wiki_link
Renetzia,Petralta,wiki_link
Renetzia,karevi,wiki_link
Renetzia,Kkyrlamny,wiki_link
Rihko,Verde Foresta,wiki_link
Sagister,Oasi di Zey,wiki_link
Ziria,An'Rao IV,wiki_link
Ziria,Garod,wiki_link
Ziria,Garod,wiki_link
Ziria,Ziria,wiki_link
Ziria,karevi,wiki_link
Ziria,Garod,wiki_link
Ziria,M'oraoork,wiki_link
Ziria,An'Rao IV,wiki_link
Ziria,Neir,wiki_link
Ziria,An'Rao IV,wiki_link
